N_IDE;Estrato;qvar;Elev_pob;se;se2;;;;;;
390150100124;1;1.00;148.730936398;11;111;;;;;;
390580100104;1;1.00;136.920991805;11;111;;;;;;
390960100154;1;1.00;114.549380122;11;111;;;;;;
390580100114;1;1.00;136.920991805;12;121;;;;;;
390580100116;1;1.00;136.920991805;12;121;;;;;;
390670100103;1;1.00;132.042971212;12;121;;;;;;
390670100128;1;1.00;132.042971212;12;121;;;;;;
390900100148;1;1.00;124.978251734;12;121;;;;;;
390920100140;1;1.00;137.012741409;12;121;;;;;;
390580100115;1;1.00;136.920991805;13;131;;;;;;
390580100132;1;1.00;136.920991805;13;131;;;;;;
390670100101;1;1.00;132.042971212;13;131;;;;;;
390670100127;1;1.00;132.042971212;13;131;;;;;;
390670100138;1;1.00;132.042971212;13;131;;;;;;
390920100108;1;1.00;137.012741409;13;131;;;;;;
390920100115;1;1.00;137.012741409;13;131;;;;;;
390920100128;1;1.00;137.012741409;13;131;;;;;;
390920100151;1;1.00;137.012741409;13;131;;;;;;
390960100114;1;1.00;114.549380122;13;131;;;;;;
390150100117;1;1.00;148.730936398;14;141;;;;;;
390580100123;1;1.00;136.920991805;14;141;;;;;;
390580100133;1;1.00;136.920991805;14;141;;;;;;
390670100119;1;1.00;132.042971212;14;141;;;;;;
390670100145;1;1.00;132.042971212;14;141;;;;;;
390900100108;1;1.00;124.978251734;14;141;;;;;;
390900100145;1;1.00;124.978251734;14;141;;;;;;
390920100103;1;1.00;137.012741409;14;141;;;;;;
390960100102;1;1.00;114.549380122;14;141;;;;;;
390960100126;1;1.00;114.549380122;14;141;;;;;;
390960100127;1;1.00;114.549380122;14;141;;;;;;
390960100128;1;1.00;114.549380122;14;141;;;;;;
390960100148;1;1.00;114.549380122;14;141;;;;;;
390150100101;1;1.00;148.730936398;15;151;;;;;;
390150100104;1;1.00;148.730936398;15;151;;;;;;
390150100131;1;1.00;148.730936398;15;151;;;;;;
390580100118;1;1.00;136.920991805;15;151;;;;;;
390670100116;1;1.00;132.042971212;15;151;;;;;;
390900100116;1;1.00;124.978251734;15;151;;;;;;
390900100118;1;1.00;124.978251734;15;151;;;;;;
390900100146;1;1.00;124.978251734;15;151;;;;;;
390920100130;1;1.00;137.012741409;15;151;;;;;;
390920100131;1;1.00;137.012741409;15;151;;;;;;
390920100139;1;1.00;137.012741409;15;151;;;;;;
390920100149;1;1.00;137.012741409;15;151;;;;;;
390920100152;1;1.00;137.012741409;15;151;;;;;;
390150100119;1;1.00;148.730936398;16;161;;;;;;
390670100107;1;1.00;132.042971212;16;161;;;;;;
390670100117;1;1.00;132.042971212;16;161;;;;;;
390670100126;1;1.00;132.042971212;16;161;;;;;;
390900100113;1;1.00;124.978251734;16;161;;;;;;
390900100129;1;1.00;124.978251734;16;161;;;;;;
390900100135;1;1.00;124.978251734;16;161;;;;;;
390920100133;1;1.00;137.012741409;16;161;;;;;;
390920100136;1;1.00;137.012741409;16;161;;;;;;
390920100138;1;1.00;137.012741409;16;161;;;;;;
390960100118;1;1.00;114.549380122;16;161;;;;;;
390960100119;1;1.00;114.549380122;16;161;;;;;;
390960100131;1;1.00;114.549380122;16;161;;;;;;
390960100139;1;1.00;114.549380122;16;161;;;;;;
390960100160;1;1.00;114.549380122;16;161;;;;;;
390150100129;1;1.00;148.730936398;21;211;;;;;;
390150100136;1;1.00;148.730936398;21;211;;;;;;
390580100120;1;1.00;136.920991805;21;211;;;;;;
390670100134;1;1.00;132.042971212;21;211;;;;;;
390150100106;1;1.00;148.730936398;22;221;;;;;;
390150100128;1;1.00;148.730936398;22;221;;;;;;
390150100130;1;1.00;148.730936398;22;221;;;;;;
390900100127;1;1.00;124.978251734;22;221;;;;;;
390150100120;1;1.00;148.730936398;23;231;;;;;;
390150100123;1;1.00;148.730936398;23;231;;;;;;
390580100101;1;1.00;136.920991805;23;231;;;;;;
390580100110;1;1.00;136.920991805;23;231;;;;;;
390580100112;1;1.00;136.920991805;23;231;;;;;;
390580100117;1;1.00;136.920991805;23;231;;;;;;
390670100113;1;1.00;132.042971212;23;231;;;;;;
390670100153;1;1.00;132.042971212;23;231;;;;;;
390900100103;1;1.00;124.978251734;23;231;;;;;;
390900100121;1;1.00;124.978251734;23;231;;;;;;
390920100104;1;1.00;137.012741409;23;231;;;;;;
390920100110;1;1.00;137.012741409;23;231;;;;;;
390150100121;1;1.00;148.730936398;24;241;;;;;;
390150100133;1;1.00;148.730936398;24;241;;;;;;
390580100113;1;1.00;136.920991805;24;241;;;;;;
390580100128;1;1.00;136.920991805;24;241;;;;;;
390580100130;1;1.00;136.920991805;24;241;;;;;;
390670100158;1;1.00;132.042971212;24;241;;;;;;
390900100138;1;1.00;124.978251734;24;241;;;;;;
390900100152;1;1.00;124.978251734;24;241;;;;;;
390920100113;1;1.00;137.012741409;24;241;;;;;;
390960100109;1;1.00;114.549380122;24;241;;;;;;
390960100130;1;1.00;114.549380122;24;241;;;;;;
390150100103;1;1.00;148.730936398;25;251;;;;;;
390580100126;1;1.00;136.920991805;25;251;;;;;;
390580100127;1;1.00;136.920991805;25;251;;;;;;
390580100138;1;1.00;136.920991805;25;251;;;;;;
390670100109;1;1.00;132.042971212;25;251;;;;;;
390670100121;1;1.00;132.042971212;25;251;;;;;;
390670100136;1;1.00;132.042971212;25;251;;;;;;
390670100140;1;1.00;132.042971212;25;251;;;;;;
390900100107;1;1.00;124.978251734;25;251;;;;;;
390900100115;1;1.00;124.978251734;25;251;;;;;;
390900100137;1;1.00;124.978251734;25;251;;;;;;
390900100140;1;1.00;124.978251734;25;251;;;;;;
390920100132;1;1.00;137.012741409;25;251;;;;;;
390920100137;1;1.00;137.012741409;25;251;;;;;;
390920100159;1;1.00;137.012741409;25;251;;;;;;
390960100125;1;1.00;114.549380122;25;251;;;;;;
390150100102;1;1.00;148.730936398;26;261;;;;;;
390150100127;1;1.00;148.730936398;26;261;;;;;;
390150100134;1;1.00;148.730936398;26;261;;;;;;
390580100140;1;1.00;136.920991805;26;261;;;;;;
390670100118;1;1.00;132.042971212;26;261;;;;;;
390900100109;1;1.00;124.978251734;26;261;;;;;;
390900100125;1;1.00;124.978251734;26;261;;;;;;
390920100101;1;1.00;137.012741409;26;261;;;;;;
390920100125;1;1.00;137.012741409;26;261;;;;;;
390960100107;1;1.00;114.549380122;26;261;;;;;;
390960100116;1;1.00;114.549380122;26;261;;;;;;
390960100124;1;1.00;114.549380122;26;261;;;;;;
390960100138;1;1.00;114.549380122;26;261;;;;;;
390960100158;1;1.00;114.549380122;26;261;;;;;;
390430100127;2;1.00;184.856872038;11;112;;;;;;
390640100112;2;1.00;161.629413507;11;112;;;;;;
390780100102;2;1.00;165.721297393;11;112;;;;;;
390820100110;2;1.00;198.456368483;11;112;;;;;;
390980100131;2;1.00;165.239899289;11;112;;;;;;
390430100133;2;1.00;184.856872038;12;122;;;;;;
390430100142;2;1.00;184.856872038;12;122;;;;;;
390640100104;2;1.00;161.629413507;12;122;;;;;;
390780100134;2;1.00;165.721297393;12;122;;;;;;
390780100153;2;1.00;165.721297393;12;122;;;;;;
390820100112;2;1.00;198.456368483;12;122;;;;;;
390820100138;2;1.00;198.456368483;12;122;;;;;;
390980100135;2;1.00;165.239899289;12;122;;;;;;
390050100102;2;1.00;163.555005924;13;132;;;;;;
390050100129;2;1.00;163.555005924;13;132;;;;;;
390050100133;2;1.00;163.555005924;13;132;;;;;;
390430100125;2;1.00;184.856872038;13;132;;;;;;
390430100148;2;1.00;184.856872038;13;132;;;;;;
390640100152;2;1.00;161.629413507;13;132;;;;;;
390820100131;2;1.00;198.456368483;13;132;;;;;;
390820100139;2;1.00;198.456368483;13;132;;;;;;
390980100116;2;1.00;165.239899289;13;132;;;;;;
390380100124;2;1.00;179.441143365;14;142;;;;;;
390380100138;2;1.00;179.441143365;14;142;;;;;;
390430100118;2;1.00;184.856872038;14;142;;;;;;
390430100141;2;1.00;184.856872038;14;142;;;;;;
390430100152;2;1.00;184.856872038;14;142;;;;;;
390640100106;2;1.00;161.629413507;14;142;;;;;;
390640100111;2;1.00;161.629413507;14;142;;;;;;
390640100120;2;1.00;161.629413507;14;142;;;;;;
390640100130;2;1.00;161.629413507;14;142;;;;;;
390640100136;2;1.00;161.629413507;14;142;;;;;;
390780100105;2;1.00;165.721297393;14;142;;;;;;
390780100110;2;1.00;165.721297393;14;142;;;;;;
390780100120;2;1.00;165.721297393;14;142;;;;;;
390780100121;2;1.00;165.721297393;14;142;;;;;;
390820100125;2;1.00;198.456368483;14;142;;;;;;
390820100145;2;1.00;198.456368483;14;142;;;;;;
390980100140;2;1.00;165.239899289;14;142;;;;;;
390980100147;2;1.00;165.239899289;14;142;;;;;;
390050100111;2;1.00;163.555005924;15;152;;;;;;
390640100108;2;1.00;161.629413507;15;152;;;;;;
390640100110;2;1.00;161.629413507;15;152;;;;;;
390640100135;2;1.00;161.629413507;15;152;;;;;;
390820100104;2;1.00;198.456368483;15;152;;;;;;
390820100115;2;1.00;198.456368483;15;152;;;;;;
390820100140;2;1.00;198.456368483;15;152;;;;;;
390820100141;2;1.00;198.456368483;15;152;;;;;;
390980100114;2;1.00;165.239899289;15;152;;;;;;
390980100133;2;1.00;165.239899289;15;152;;;;;;
390050100106;2;1.00;163.555005924;16;162;;;;;;
390050100125;2;1.00;163.555005924;16;162;;;;;;
390050100132;2;1.00;163.555005924;16;162;;;;;;
390050100134;2;1.00;163.555005924;16;162;;;;;;
390380100111;2;1.00;179.441143365;16;162;;;;;;
390380100113;2;1.00;179.441143365;16;162;;;;;;
390380100115;2;1.00;179.441143365;16;162;;;;;;
390380100116;2;1.00;179.441143365;16;162;;;;;;
390380100121;2;1.00;179.441143365;16;162;;;;;;
390430100158;2;1.00;184.856872038;16;162;;;;;;
390640100117;2;1.00;161.629413507;16;162;;;;;;
390640100118;2;1.00;161.629413507;16;162;;;;;;
390640100137;2;1.00;161.629413507;16;162;;;;;;
390780100107;2;1.00;165.721297393;16;162;;;;;;
390780100125;2;1.00;165.721297393;16;162;;;;;;
390820100133;2;1.00;198.456368483;16;162;;;;;;
390980100105;2;1.00;165.239899289;16;162;;;;;;
390980100107;2;1.00;165.239899289;16;162;;;;;;
390980100136;2;1.00;165.239899289;16;162;;;;;;
390980100137;2;1.00;165.239899289;16;162;;;;;;
390380100140;2;1.00;179.441143365;21;212;;;;;;
390050100128;2;1.00;163.555005924;22;222;;;;;;
390380100106;2;1.00;179.441143365;22;222;;;;;;
390430100126;2;1.00;184.856872038;22;222;;;;;;
390430100144;2;1.00;184.856872038;22;222;;;;;;
390430100159;2;1.00;184.856872038;22;222;;;;;;
390780100130;2;1.00;165.721297393;22;222;;;;;;
390780100156;2;1.00;165.721297393;22;222;;;;;;
390820100102;2;1.00;198.456368483;22;222;;;;;;
390820100107;2;1.00;198.456368483;22;222;;;;;;
390820100111;2;1.00;198.456368483;22;222;;;;;;
390820100134;2;1.00;198.456368483;22;222;;;;;;
390820100143;2;1.00;198.456368483;22;222;;;;;;
390980100110;2;1.00;165.239899289;22;222;;;;;;
390050100109;2;1.00;163.555005924;23;232;;;;;;
390050100127;2;1.00;163.555005924;23;232;;;;;;
390050100131;2;1.00;163.555005924;23;232;;;;;;
390380100103;2;1.00;179.441143365;23;232;;;;;;
390380100129;2;1.00;179.441143365;23;232;;;;;;
390430100120;2;1.00;184.856872038;23;232;;;;;;
390430100123;2;1.00;184.856872038;23;232;;;;;;
390640100107;2;1.00;161.629413507;23;232;;;;;;
390640100123;2;1.00;161.629413507;23;232;;;;;;
390640100159;2;1.00;161.629413507;23;232;;;;;;
390780100138;2;1.00;165.721297393;23;232;;;;;;
390980100112;2;1.00;165.239899289;23;232;;;;;;
390980100117;2;1.00;165.239899289;23;232;;;;;;
390980100139;2;1.00;165.239899289;23;232;;;;;;
390050100105;2;1.00;163.555005924;24;242;;;;;;
390050100112;2;1.00;163.555005924;24;242;;;;;;
390050100135;2;1.00;163.555005924;24;242;;;;;;
390380100147;2;1.00;179.441143365;24;242;;;;;;
390380100152;2;1.00;179.441143365;24;242;;;;;;
390430100105;2;1.00;184.856872038;24;242;;;;;;
390430100128;2;1.00;184.856872038;24;242;;;;;;
390430100138;2;1.00;184.856872038;24;242;;;;;;
390430100151;2;1.00;184.856872038;24;242;;;;;;
390640100116;2;1.00;161.629413507;24;242;;;;;;
390640100138;2;1.00;161.629413507;24;242;;;;;;
390780100101;2;1.00;165.721297393;24;242;;;;;;
390780100131;2;1.00;165.721297393;24;242;;;;;;
390820100118;2;1.00;198.456368483;24;242;;;;;;
390820100120;2;1.00;198.456368483;24;242;;;;;;
390980100113;2;1.00;165.239899289;24;242;;;;;;
390980100118;2;1.00;165.239899289;24;242;;;;;;
390050100107;2;1.00;163.555005924;25;252;;;;;;
390050100110;2;1.00;163.555005924;25;252;;;;;;
390050100147;2;1.00;163.555005924;25;252;;;;;;
390380100110;2;1.00;179.441143365;25;252;;;;;;
390380100114;2;1.00;179.441143365;25;252;;;;;;
390380100118;2;1.00;179.441143365;25;252;;;;;;
390380100160;2;1.00;179.441143365;25;252;;;;;;
390640100109;2;1.00;161.629413507;25;252;;;;;;
390780100151;2;1.00;165.721297393;25;252;;;;;;
390820100132;2;1.00;198.456368483;25;252;;;;;;
390980100119;2;1.00;165.239899289;25;252;;;;;;
390980100134;2;1.00;165.239899289;25;252;;;;;;
390050100115;2;1.00;163.555005924;26;262;;;;;;
390050100116;2;1.00;163.555005924;26;262;;;;;;
390380100108;2;1.00;179.441143365;26;262;;;;;;
390380100112;2;1.00;179.441143365;26;262;;;;;;
390380100150;2;1.00;179.441143365;26;262;;;;;;
390430100119;2;1.00;184.856872038;26;262;;;;;;
390430100129;2;1.00;184.856872038;26;262;;;;;;
390780100106;2;1.00;165.721297393;26;262;;;;;;
390780100114;2;1.00;165.721297393;26;262;;;;;;
390780100123;2;1.00;165.721297393;26;262;;;;;;
390780100124;2;1.00;165.721297393;26;262;;;;;;
390780100136;2;1.00;165.721297393;26;262;;;;;;
390980100130;2;1.00;165.239899289;26;262;;;;;;
390020100129;3;1.00;278.062442666;11;113;;;;;;
390370100136;3;1.00;229.020882173;11;113;;;;;;
390370100139;3;1.00;229.020882173;11;113;;;;;;
390410100108;3;1.00;295.565235584;11;113;;;;;;
390410100119;3;1.00;295.565235584;11;113;;;;;;
390570100102;3;1.00;294.721727492;11;113;;;;;;
390570100155;3;1.00;294.721727492;11;113;;;;;;
390760100105;3;1.00;261.463408419;11;113;;;;;;
390760100134;3;1.00;261.463408419;11;113;;;;;;
390950100138;3;1.00;253.381395882;11;113;;;;;;
390990100229;3;1.00;321.376583212;11;113;;;;;;
390990100235;3;1.00;321.376583212;11;113;;;;;;
390110100135;3;1.00;264.439786974;12;123;;;;;;
390110100139;3;1.00;264.439786974;12;123;;;;;;
390370100118;3;1.00;229.020882173;12;123;;;;;;
390440100222;3;1.00;230.463281011;12;123;;;;;;
390440100238;3;1.00;230.463281011;12;123;;;;;;
390560100219;3;1.00;226.204770156;12;123;;;;;;
390560100225;3;1.00;226.204770156;12;123;;;;;;
390950100112;3;1.00;253.381395882;12;123;;;;;;
390950100123;3;1.00;253.381395882;12;123;;;;;;
390950100145;3;1.00;253.381395882;12;123;;;;;;
391020100249;3;1.00;241.361405565;12;123;;;;;;
391020100253;3;1.00;241.361405565;12;123;;;;;;
390020100113;3;1.00;278.062442666;13;133;;;;;;
390020100124;3;1.00;278.062442666;13;133;;;;;;
390020100126;3;1.00;278.062442666;13;133;;;;;;
390020100138;3;1.00;278.062442666;13;133;;;;;;
390110100124;3;1.00;264.439786974;13;133;;;;;;
390110100130;3;1.00;264.439786974;13;133;;;;;;
390370100103;3;1.00;229.020882173;13;133;;;;;;
390370100106;3;1.00;229.020882173;13;133;;;;;;
390410100127;3;1.00;295.565235584;13;133;;;;;;
390410100130;3;1.00;295.565235584;13;133;;;;;;
390410100151;3;1.00;295.565235584;13;133;;;;;;
390440100216;3;1.00;230.463281011;13;133;;;;;;
390440100218;3;1.00;230.463281011;13;133;;;;;;
390440100230;3;1.00;230.463281011;13;133;;;;;;
390560100213;3;1.00;226.204770156;13;133;;;;;;
390560100221;3;1.00;226.204770156;13;133;;;;;;
390560100228;3;1.00;226.204770156;13;133;;;;;;
390560100230;3;1.00;226.204770156;13;133;;;;;;
390560100233;3;1.00;226.204770156;13;133;;;;;;
390560100245;3;1.00;226.204770156;13;133;;;;;;
390760100109;3;1.00;261.463408419;13;133;;;;;;
390760100123;3;1.00;261.463408419;13;133;;;;;;
390760100233;3;1.00;257.036999287;13;133;;;;;;
390760100234;3;1.00;257.036999287;13;133;;;;;;
390760100249;3;1.00;257.036999287;13;133;;;;;;
390950100114;3;1.00;253.381395882;13;133;;;;;;
390990100201;3;1.00;321.376583212;13;133;;;;;;
390990100233;3;1.00;321.376583212;13;133;;;;;;
391020100214;3;1.00;241.361405565;13;133;;;;;;
391020100216;3;1.00;241.361405565;13;133;;;;;;
391020100246;3;1.00;241.361405565;13;133;;;;;;
391020100258;3;1.00;241.361405565;13;133;;;;;;
391020100259;3;1.00;241.361405565;13;133;;;;;;
390020100105;3;1.00;278.062442666;14;143;;;;;;
390020100117;3;1.00;278.062442666;14;143;;;;;;
390020100120;3;1.00;278.062442666;14;143;;;;;;
390020100121;3;1.00;278.062442666;14;143;;;;;;
390020100140;3;1.00;278.062442666;14;143;;;;;;
390110100105;3;1.00;264.439786974;14;143;;;;;;
390110100111;3;1.00;264.439786974;14;143;;;;;;
390110100117;3;1.00;264.439786974;14;143;;;;;;
390110100125;3;1.00;264.439786974;14;143;;;;;;
390110100129;3;1.00;264.439786974;14;143;;;;;;
390410100112;3;1.00;295.565235584;14;143;;;;;;
390410100123;3;1.00;295.565235584;14;143;;;;;;
390410100124;3;1.00;295.565235584;14;143;;;;;;
390440100225;3;1.00;230.463281011;14;143;;;;;;
390570100111;3;1.00;294.721727492;14;143;;;;;;
390760100127;3;1.00;261.463408419;14;143;;;;;;
390760100203;3;1.00;257.036999287;14;143;;;;;;
390950100137;3;1.00;253.381395882;14;143;;;;;;
390990100222;3;1.00;321.376583212;14;143;;;;;;
390020100118;3;1.00;278.062442666;15;153;;;;;;
390110100107;3;1.00;264.439786974;15;153;;;;;;
390370100129;3;1.00;229.020882173;15;153;;;;;;
390370100141;3;1.00;229.020882173;15;153;;;;;;
390410100135;3;1.00;295.565235584;15;153;;;;;;
390410100136;3;1.00;295.565235584;15;153;;;;;;
390440100219;3;1.00;230.463281011;15;153;;;;;;
390570100104;3;1.00;294.721727492;15;153;;;;;;
390570100145;3;1.00;294.721727492;15;153;;;;;;
390570100148;3;1.00;294.721727492;15;153;;;;;;
390570100159;3;1.00;294.721727492;15;153;;;;;;
390760100222;3;1.00;257.036999287;15;153;;;;;;
390760100224;3;1.00;257.036999287;15;153;;;;;;
390760100228;3;1.00;257.036999287;15;153;;;;;;
390990100208;3;1.00;321.376583212;15;153;;;;;;
390990100216;3;1.00;321.376583212;15;153;;;;;;
391020100215;3;1.00;241.361405565;15;153;;;;;;
391020100236;3;1.00;241.361405565;15;153;;;;;;
391020100237;3;1.00;241.361405565;15;153;;;;;;
391020100243;3;1.00;241.361405565;15;153;;;;;;
390020100128;3;1.00;278.062442666;16;163;;;;;;
390110100110;3;1.00;264.439786974;16;163;;;;;;
390110100118;3;1.00;264.439786974;16;163;;;;;;
390370100105;3;1.00;229.020882173;16;163;;;;;;
390410100109;3;1.00;295.565235584;16;163;;;;;;
390410100110;3;1.00;295.565235584;16;163;;;;;;
390410100131;3;1.00;295.565235584;16;163;;;;;;
390410100134;3;1.00;295.565235584;16;163;;;;;;
390440100204;3;1.00;230.463281011;16;163;;;;;;
390440100207;3;1.00;230.463281011;16;163;;;;;;
390560100201;3;1.00;226.204770156;16;163;;;;;;
390560100209;3;1.00;226.204770156;16;163;;;;;;
390560100220;3;1.00;226.204770156;16;163;;;;;;
390560100224;3;1.00;226.204770156;16;163;;;;;;
390560100236;3;1.00;226.204770156;16;163;;;;;;
390570100115;3;1.00;294.721727492;16;163;;;;;;
390570100131;3;1.00;294.721727492;16;163;;;;;;
390570100153;3;1.00;294.721727492;16;163;;;;;;
390760100101;3;1.00;261.463408419;16;163;;;;;;
390760100111;3;1.00;261.463408419;16;163;;;;;;
390760100149;3;1.00;261.463408419;16;163;;;;;;
390760100230;3;1.00;257.036999287;16;163;;;;;;
390760100233;3;1.00;257.036999287;16;163;;;;;;
390950100109;3;1.00;253.381395882;16;163;;;;;;
391020100202;3;1.00;241.361405565;16;163;;;;;;
391020100209;3;1.00;241.361405565;16;163;;;;;;
391020100219;3;1.00;241.361405565;16;163;;;;;;
390020100108;3;1.00;278.062442666;21;213;;;;;;
390110100138;3;1.00;264.439786974;21;213;;;;;;
390410100129;3;1.00;295.565235584;21;213;;;;;;
390570100110;3;1.00;294.721727492;21;213;;;;;;
390760100257;3;1.00;257.036999287;21;213;;;;;;
390950100103;3;1.00;253.381395882;21;213;;;;;;
390990100240;3;1.00;321.376583212;21;213;;;;;;
390110100109;3;1.00;264.439786974;22;223;;;;;;
390110100120;3;1.00;264.439786974;22;223;;;;;;
390440100205;3;1.00;230.463281011;22;223;;;;;;
390440100209;3;1.00;230.463281011;22;223;;;;;;
390570100133;3;1.00;294.721727492;22;223;;;;;;
390760100104;3;1.00;261.463408419;22;223;;;;;;
390760100128;3;1.00;261.463408419;22;223;;;;;;
390760100135;3;1.00;261.463408419;22;223;;;;;;
390760100209;3;1.00;257.036999287;22;223;;;;;;
390950100116;3;1.00;253.381395882;22;223;;;;;;
391020100217;3;1.00;241.361405565;22;223;;;;;;
390020100106;3;1.00;278.062442666;23;233;;;;;;
390020100119;3;1.00;278.062442666;23;233;;;;;;
390020100122;3;1.00;278.062442666;23;233;;;;;;
390020100135;3;1.00;278.062442666;23;233;;;;;;
390110100126;3;1.00;264.439786974;23;233;;;;;;
390370100135;3;1.00;229.020882173;23;233;;;;;;
390440100220;3;1.00;230.463281011;23;233;;;;;;
390440100235;3;1.00;230.463281011;23;233;;;;;;
390560100223;3;1.00;226.204770156;23;233;;;;;;
390560100229;3;1.00;226.204770156;23;233;;;;;;
390560100235;3;1.00;226.204770156;23;233;;;;;;
390570100117;3;1.00;294.721727492;23;233;;;;;;
390760100139;3;1.00;261.463408419;23;233;;;;;;
390760100247;3;1.00;257.036999287;23;233;;;;;;
390950100107;3;1.00;253.381395882;23;233;;;;;;
390950100120;3;1.00;253.381395882;23;233;;;;;;
390950100144;3;1.00;253.381395882;23;233;;;;;;
390950100146;3;1.00;253.381395882;23;233;;;;;;
390990100237;3;1.00;321.376583212;23;233;;;;;;
390990100239;3;1.00;321.376583212;23;233;;;;;;
391020100205;3;1.00;241.361405565;23;233;;;;;;
391020100207;3;1.00;241.361405565;23;233;;;;;;
391020100211;3;1.00;241.361405565;23;233;;;;;;
391020100229;3;1.00;241.361405565;23;233;;;;;;
390110100119;3;1.00;264.439786974;24;243;;;;;;
390110100154;3;1.00;264.439786974;24;243;;;;;;
390370100111;3;1.00;229.020882173;24;243;;;;;;
390370100134;3;1.00;229.020882173;24;243;;;;;;
390370100138;3;1.00;229.020882173;24;243;;;;;;
390370100140;3;1.00;229.020882173;24;243;;;;;;
390440100208;3;1.00;230.463281011;24;243;;;;;;
390570100137;3;1.00;294.721727492;24;243;;;;;;
390760100116;3;1.00;261.463408419;24;243;;;;;;
390760100118;3;1.00;261.463408419;24;243;;;;;;
390760100239;3;1.00;257.036999287;24;243;;;;;;
390760100240;3;1.00;257.036999287;24;243;;;;;;
390950100147;3;1.00;253.381395882;24;243;;;;;;
390990100223;3;1.00;321.376583212;24;243;;;;;;
390990100224;3;1.00;321.376583212;24;243;;;;;;
390990100228;3;1.00;321.376583212;24;243;;;;;;
390990100238;3;1.00;321.376583212;24;243;;;;;;
390990100260;3;1.00;321.376583212;24;243;;;;;;
390020100111;3;1.00;278.062442666;25;253;;;;;;
390110100131;3;1.00;264.439786974;25;253;;;;;;
390370100114;3;1.00;229.020882173;25;253;;;;;;
390370100125;3;1.00;229.020882173;25;253;;;;;;
390370100126;3;1.00;229.020882173;25;253;;;;;;
390410100116;3;1.00;295.565235584;25;253;;;;;;
390440100203;3;1.00;230.463281011;25;253;;;;;;
390440100211;3;1.00;230.463281011;25;253;;;;;;
390440100214;3;1.00;230.463281011;25;253;;;;;;
390440100229;3;1.00;230.463281011;25;253;;;;;;
390560100204;3;1.00;226.204770156;25;253;;;;;;
390560100215;3;1.00;226.204770156;25;253;;;;;;
390560100216;3;1.00;226.204770156;25;253;;;;;;
390570100119;3;1.00;294.721727492;25;253;;;;;;
390570100132;3;1.00;294.721727492;25;253;;;;;;
390570100134;3;1.00;294.721727492;25;253;;;;;;
390760100122;3;1.00;261.463408419;25;253;;;;;;
390760100206;3;1.00;257.036999287;25;253;;;;;;
390760100213;3;1.00;257.036999287;25;253;;;;;;
390760100217;3;1.00;257.036999287;25;253;;;;;;
390760100220;3;1.00;257.036999287;25;253;;;;;;
390950100101;3;1.00;253.381395882;25;253;;;;;;
390950100125;3;1.00;253.381395882;25;253;;;;;;
390950100134;3;1.00;253.381395882;25;253;;;;;;
390990100203;3;1.00;321.376583212;25;253;;;;;;
390990100215;3;1.00;321.376583212;25;253;;;;;;
390990100218;3;1.00;321.376583212;25;253;;;;;;
390990100234;3;1.00;321.376583212;25;253;;;;;;
391020100226;3;1.00;241.361405565;25;253;;;;;;
390020100115;3;1.00;278.062442666;26;263;;;;;;
390020100134;3;1.00;278.062442666;26;263;;;;;;
390110100137;3;1.00;264.439786974;26;263;;;;;;
390370100108;3;1.00;229.020882173;26;263;;;;;;
390370100131;3;1.00;229.020882173;26;263;;;;;;
390370100132;3;1.00;229.020882173;26;263;;;;;;
390370100137;3;1.00;229.020882173;26;263;;;;;;
390410100107;3;1.00;295.565235584;26;263;;;;;;
390410100125;3;1.00;295.565235584;26;263;;;;;;
390410100132;3;1.00;295.565235584;26;263;;;;;;
390440100213;3;1.00;230.463281011;26;263;;;;;;
390440100250;3;1.00;230.463281011;26;263;;;;;;
390560100218;3;1.00;226.204770156;26;263;;;;;;
390560100222;3;1.00;226.204770156;26;263;;;;;;
390570100109;3;1.00;294.721727492;26;263;;;;;;
390570100136;3;1.00;294.721727492;26;263;;;;;;
390760100115;3;1.00;261.463408419;26;263;;;;;;
390760100120;3;1.00;261.463408419;26;263;;;;;;
390760100126;3;1.00;261.463408419;26;263;;;;;;
390760100132;3;1.00;261.463408419;26;263;;;;;;
390760100132;3;1.00;261.463408419;26;263;;;;;;
390760100140;3;1.00;261.463408419;26;263;;;;;;
390760100201;3;1.00;257.036999287;26;263;;;;;;
390760100226;3;1.00;257.036999287;26;263;;;;;;
390760100231;3;1.00;257.036999287;26;263;;;;;;
390950100128;3;1.00;253.381395882;26;263;;;;;;
390950100129;3;1.00;253.381395882;26;263;;;;;;
390950100153;3;1.00;253.381395882;26;263;;;;;;
390230100418;4;1.00;256.351029570;11;114;;;;;;
390400100140;4;1.00;253.190104421;11;114;;;;;;
390400100235;4;1.00;241.494681370;11;114;;;;;;
390420100335;4;1.00;295.704547672;11;114;;;;;;
390600200145;4;1.00;251.451595589;11;114;;;;;;
390600200218;4;1.00;241.810773885;11;114;;;;;;
390600200237;4;1.00;241.810773885;11;114;;;;;;
390850200113;4;1.00;265.517712501;11;114;;;;;;
390850200148;4;1.00;265.517712501;11;114;;;;;;
390230100426;4;1.00;256.351029570;12;124;;;;;;
390230100437;4;1.00;256.351029570;12;124;;;;;;
390230100438;4;1.00;256.351029570;12;124;;;;;;
390400100208;4;1.00;241.494681370;12;124;;;;;;
390400100219;4;1.00;241.494681370;12;124;;;;;;
390540100222;4;1.00;270.733238997;12;124;;;;;;
390740100502;4;1.00;294.124085098;12;124;;;;;;
390740100526;4;1.00;294.124085098;12;124;;;;;;
390850200123;4;1.00;265.517712501;12;124;;;;;;
390850200133;4;1.00;265.517712501;12;124;;;;;;
390230100125;4;1.00;289.382697375;13;134;;;;;;
390230100129;4;1.00;289.382697375;13;134;;;;;;
390230100130;4;1.00;289.382697375;13;134;;;;;;
390230100403;4;1.00;256.351029570;13;134;;;;;;
390400100102;4;1.00;253.190104421;13;134;;;;;;
390400100112;4;1.00;253.190104421;13;134;;;;;;
390400100123;4;1.00;253.190104421;13;134;;;;;;
390400100232;4;1.00;241.494681370;13;134;;;;;;
390420100106;4;1.00;292.701668781;13;134;;;;;;
390420100110;4;1.00;292.701668781;13;134;;;;;;
390420100131;4;1.00;292.701668781;13;134;;;;;;
390420100140;4;1.00;292.701668781;13;134;;;;;;
390420100306;4;1.00;295.704547672;13;134;;;;;;
390420100310;4;1.00;295.704547672;13;134;;;;;;
390420100331;4;1.00;295.704547672;13;134;;;;;;
390540100103;4;1.00;286.537864741;13;134;;;;;;
390540100118;4;1.00;286.537864741;13;134;;;;;;
390540100127;4;1.00;286.537864741;13;134;;;;;;
390540100136;4;1.00;286.537864741;13;134;;;;;;
390540100206;4;1.00;270.733238997;13;134;;;;;;
390540100212;4;1.00;270.733238997;13;134;;;;;;
390540100217;4;1.00;270.733238997;13;134;;;;;;
390540100220;4;1.00;270.733238997;13;134;;;;;;
390600200112;4;1.00;251.451595589;13;134;;;;;;
390600200142;4;1.00;251.451595589;13;134;;;;;;
390600200208;4;1.00;241.810773885;13;134;;;;;;
390600200212;4;1.00;241.810773885;13;134;;;;;;
390600200232;4;1.00;241.810773885;13;134;;;;;;
390740100508;4;1.00;294.124085098;13;134;;;;;;
390740100515;4;1.00;294.124085098;13;134;;;;;;
390740100527;4;1.00;294.124085098;13;134;;;;;;
390850200154;4;1.00;265.517712501;13;134;;;;;;
390230100123;4;1.00;289.382697375;14;144;;;;;;
390230100126;4;1.00;289.382697375;14;144;;;;;;
390230100429;4;1.00;256.351029570;14;144;;;;;;
390230100441;4;1.00;256.351029570;14;144;;;;;;
390400100118;4;1.00;253.190104421;14;144;;;;;;
390400100129;4;1.00;253.190104421;14;144;;;;;;
390400100135;4;1.00;253.190104421;14;144;;;;;;
390400100207;4;1.00;241.494681370;14;144;;;;;;
390420100121;4;1.00;292.701668781;14;144;;;;;;
390420100314;4;1.00;295.704547672;14;144;;;;;;
390420100323;4;1.00;295.704547672;14;144;;;;;;
390540100109;4;1.00;286.537864741;14;144;;;;;;
390540100128;4;1.00;286.537864741;14;144;;;;;;
390540100130;4;1.00;286.537864741;14;144;;;;;;
390540100132;4;1.00;286.537864741;14;144;;;;;;
390540100202;4;1.00;270.733238997;14;144;;;;;;
390540100227;4;1.00;270.733238997;14;144;;;;;;
390540100230;4;1.00;270.733238997;14;144;;;;;;
390600200125;4;1.00;251.451595589;14;144;;;;;;
390600200127;4;1.00;251.451595589;14;144;;;;;;
390600200219;4;1.00;241.810773885;14;144;;;;;;
390600200238;4;1.00;241.810773885;14;144;;;;;;
390230100106;4;1.00;289.382697375;15;154;;;;;;
390230100109;4;1.00;289.382697375;15;154;;;;;;
390230100139;4;1.00;289.382697375;15;154;;;;;;
390400100136;4;1.00;253.190104421;15;154;;;;;;
390400100204;4;1.00;241.494681370;15;154;;;;;;
390400100218;4;1.00;241.494681370;15;154;;;;;;
390400100225;4;1.00;241.494681370;15;154;;;;;;
390420100322;4;1.00;295.704547672;15;154;;;;;;
390540100101;4;1.00;286.537864741;15;154;;;;;;
390540100123;4;1.00;286.537864741;15;154;;;;;;
390600200110;4;1.00;251.451595589;15;154;;;;;;
390600200215;4;1.00;241.810773885;15;154;;;;;;
390600200224;4;1.00;241.810773885;15;154;;;;;;
390600200226;4;1.00;241.810773885;15;154;;;;;;
390740100534;4;1.00;294.124085098;15;154;;;;;;
390850200159;4;1.00;265.517712501;15;154;;;;;;
390400100126;4;1.00;253.190104421;16;164;;;;;;
390400100221;4;1.00;241.494681370;16;164;;;;;;
390400100229;4;1.00;241.494681370;16;164;;;;;;
390420100113;4;1.00;292.701668781;16;164;;;;;;
390420100135;4;1.00;292.701668781;16;164;;;;;;
390540100111;4;1.00;286.537864741;16;164;;;;;;
390540100119;4;1.00;286.537864741;16;164;;;;;;
390540100145;4;1.00;286.537864741;16;164;;;;;;
390600200116;4;1.00;251.451595589;16;164;;;;;;
390600200117;4;1.00;251.451595589;16;164;;;;;;
390600200120;4;1.00;251.451595589;16;164;;;;;;
390600200236;4;1.00;241.810773885;16;164;;;;;;
390740100538;4;1.00;294.124085098;16;164;;;;;;
390740100557;4;1.00;294.124085098;16;164;;;;;;
390850200118;4;1.00;265.517712501;16;164;;;;;;
390230100118;4;1.00;289.382697375;21;214;;;;;;
390230100424;4;1.00;256.351029570;21;214;;;;;;
390230100450;4;1.00;256.351029570;21;214;;;;;;
390400100245;4;1.00;241.494681370;21;214;;;;;;
390420100109;4;1.00;292.701668781;21;214;;;;;;
390420100120;4;1.00;292.701668781;21;214;;;;;;
390420100302;4;1.00;295.704547672;21;214;;;;;;
390420100303;4;1.00;295.704547672;21;214;;;;;;
390420100318;4;1.00;295.704547672;21;214;;;;;;
390420100338;4;1.00;295.704547672;21;214;;;;;;
390540100122;4;1.00;286.537864741;21;214;;;;;;
390600200105;4;1.00;251.451595589;21;214;;;;;;
390600200130;4;1.00;251.451595589;21;214;;;;;;
390600200138;4;1.00;251.451595589;21;214;;;;;;
390230100412;4;1.00;256.351029570;22;224;;;;;;
390230100421;4;1.00;256.351029570;22;224;;;;;;
390230100436;4;1.00;256.351029570;22;224;;;;;;
390400100108;4;1.00;253.190104421;22;224;;;;;;
390400100137;4;1.00;253.190104421;22;224;;;;;;
390400100233;4;1.00;241.494681370;22;224;;;;;;
390420100324;4;1.00;295.704547672;22;224;;;;;;
390540100140;4;1.00;286.537864741;22;224;;;;;;
390600200205;4;1.00;241.810773885;22;224;;;;;;
390850200104;4;1.00;265.517712501;22;224;;;;;;
390230100414;4;1.00;256.351029570;23;234;;;;;;
390230100431;4;1.00;256.351029570;23;234;;;;;;
390230100434;4;1.00;256.351029570;23;234;;;;;;
390230100439;4;1.00;256.351029570;23;234;;;;;;
390400100113;4;1.00;253.190104421;23;234;;;;;;
390400100211;4;1.00;241.494681370;23;234;;;;;;
390400100249;4;1.00;241.494681370;23;234;;;;;;
390420100104;4;1.00;292.701668781;23;234;;;;;;
390420100115;4;1.00;292.701668781;23;234;;;;;;
390420100119;4;1.00;292.701668781;23;234;;;;;;
390420100139;4;1.00;292.701668781;23;234;;;;;;
390420100319;4;1.00;295.704547672;23;234;;;;;;
390420100333;4;1.00;295.704547672;23;234;;;;;;
390540100143;4;1.00;286.537864741;23;234;;;;;;
390540100205;4;1.00;270.733238997;23;234;;;;;;
390540100207;4;1.00;270.733238997;23;234;;;;;;
390540100234;4;1.00;270.733238997;23;234;;;;;;
390600200119;4;1.00;251.451595589;23;234;;;;;;
390600200203;4;1.00;241.810773885;23;234;;;;;;
390600200207;4;1.00;241.810773885;23;234;;;;;;
390600200211;4;1.00;241.810773885;23;234;;;;;;
390600200230;4;1.00;241.810773885;23;234;;;;;;
390600200231;4;1.00;241.810773885;23;234;;;;;;
390740100501;4;1.00;294.124085098;23;234;;;;;;
390740100519;4;1.00;294.124085098;23;234;;;;;;
390740100520;4;1.00;294.124085098;23;234;;;;;;
390740100530;4;1.00;294.124085098;23;234;;;;;;
390740100531;4;1.00;294.124085098;23;234;;;;;;
390740100533;4;1.00;294.124085098;23;234;;;;;;
390850200105;4;1.00;265.517712501;23;234;;;;;;
390850200131;4;1.00;265.517712501;23;234;;;;;;
390850200134;4;1.00;265.517712501;23;234;;;;;;
390850200144;4;1.00;265.517712501;23;234;;;;;;
390230100108;4;1.00;289.382697375;24;244;;;;;;
390230100111;4;1.00;289.382697375;24;244;;;;;;
390230100133;4;1.00;289.382697375;24;244;;;;;;
390230100145;4;1.00;289.382697375;24;244;;;;;;
390230100152;4;1.00;289.382697375;24;244;;;;;;
390230100427;4;1.00;256.351029570;24;244;;;;;;
390400100103;4;1.00;253.190104421;24;244;;;;;;
390400100132;4;1.00;253.190104421;24;244;;;;;;
390400100216;4;1.00;241.494681370;24;244;;;;;;
390400100254;4;1.00;241.494681370;24;244;;;;;;
390420100107;4;1.00;292.701668781;24;244;;;;;;
390420100114;4;1.00;292.701668781;24;244;;;;;;
390420100123;4;1.00;292.701668781;24;244;;;;;;
390540100209;4;1.00;270.733238997;24;244;;;;;;
390600200107;4;1.00;251.451595589;24;244;;;;;;
390600200118;4;1.00;251.451595589;24;244;;;;;;
390600200214;4;1.00;241.810773885;24;244;;;;;;
390600200222;4;1.00;241.810773885;24;244;;;;;;
390740100512;4;1.00;294.124085098;24;244;;;;;;
390740100524;4;1.00;294.124085098;24;244;;;;;;
390740100548;4;1.00;294.124085098;24;244;;;;;;
390850200108;4;1.00;265.517712501;24;244;;;;;;
390850200111;4;1.00;265.517712501;24;244;;;;;;
390850200116;4;1.00;265.517712501;24;244;;;;;;
390850200125;4;1.00;265.517712501;24;244;;;;;;
390230100104;4;1.00;289.382697375;25;254;;;;;;
390230100122;4;1.00;289.382697375;25;254;;;;;;
390230100124;4;1.00;289.382697375;25;254;;;;;;
390230100131;4;1.00;289.382697375;25;254;;;;;;
390230100134;4;1.00;289.382697375;25;254;;;;;;
390230100411;4;1.00;256.351029570;25;254;;;;;;
390400100104;4;1.00;253.190104421;25;254;;;;;;
390400100106;4;1.00;253.190104421;25;254;;;;;;
390400100124;4;1.00;253.190104421;25;254;;;;;;
390400100131;4;1.00;253.190104421;25;254;;;;;;
390400100212;4;1.00;241.494681370;25;254;;;;;;
390420100103;4;1.00;292.701668781;25;254;;;;;;
390420100133;4;1.00;292.701668781;25;254;;;;;;
390420100134;4;1.00;292.701668781;25;254;;;;;;
390420100328;4;1.00;295.704547672;25;254;;;;;;
390420100337;4;1.00;295.704547672;25;254;;;;;;
390540100107;4;1.00;286.537864741;25;254;;;;;;
390540100204;4;1.00;270.733238997;25;254;;;;;;
390540100208;4;1.00;270.733238997;25;254;;;;;;
390540100213;4;1.00;270.733238997;25;254;;;;;;
390540100218;4;1.00;270.733238997;25;254;;;;;;
390540100221;4;1.00;270.733238997;25;254;;;;;;
390540100237;4;1.00;270.733238997;25;254;;;;;;
390600200101;4;1.00;251.451595589;25;254;;;;;;
390600200111;4;1.00;251.451595589;25;254;;;;;;
390600200123;4;1.00;251.451595589;25;254;;;;;;
390600200128;4;1.00;251.451595589;25;254;;;;;;
390600200229;4;1.00;241.810773885;25;254;;;;;;
390740100540;4;1.00;294.124085098;25;254;;;;;;
390850200103;4;1.00;265.517712501;25;254;;;;;;
390850200132;4;1.00;265.517712501;25;254;;;;;;
390850200147;4;1.00;265.517712501;25;254;;;;;;
390850200153;4;1.00;265.517712501;25;254;;;;;;
390230100102;4;1.00;289.382697375;26;264;;;;;;
390230100447;4;1.00;256.351029570;26;264;;;;;;
390230100455;4;1.00;256.351029570;26;264;;;;;;
390400100125;4;1.00;253.190104421;26;264;;;;;;
390400100148;4;1.00;253.190104421;26;264;;;;;;
390400100203;4;1.00;241.494681370;26;264;;;;;;
390400100230;4;1.00;241.494681370;26;264;;;;;;
390400100240;4;1.00;241.494681370;26;264;;;;;;
390420100136;4;1.00;292.701668781;26;264;;;;;;
390420100301;4;1.00;295.704547672;26;264;;;;;;
390420100305;4;1.00;295.704547672;26;264;;;;;;
390420100308;4;1.00;295.704547672;26;264;;;;;;
390420100340;4;1.00;295.704547672;26;264;;;;;;
390540100133;4;1.00;286.537864741;26;264;;;;;;
390540100134;4;1.00;286.537864741;26;264;;;;;;
390540100138;4;1.00;286.537864741;26;264;;;;;;
390540100214;4;1.00;270.733238997;26;264;;;;;;
390540100229;4;1.00;270.733238997;26;264;;;;;;
390600200104;4;1.00;251.451595589;26;264;;;;;;
390740100514;4;1.00;294.124085098;26;264;;;;;;
390740100518;4;1.00;294.124085098;26;264;;;;;;
390080100608;5;1.00;249.861935052;11;115;;;;;;
390080200124;5;1.00;260.272849012;11;115;;;;;;
390350300213;5;1.00;171.433049883;11;115;;;;;;
390350300215;5;1.00;171.433049883;11;115;;;;;;
390730100112;5;1.00;267.560488785;11;115;;;;;;
390730100155;5;1.00;267.560488785;11;115;;;;;;
390730100732;5;1.00;267.944048773;11;115;;;;;;
390790100357;5;1.00;256.455513894;11;115;;;;;;
390080100609;5;1.00;249.861935052;12;125;;;;;;
390080100625;5;1.00;249.861935052;12;125;;;;;;
390080100635;5;1.00;249.861935052;12;125;;;;;;
390080100636;5;1.00;249.861935052;12;125;;;;;;
390080200125;5;1.00;260.272849012;12;125;;;;;;
390730100102;5;1.00;267.560488785;12;125;;;;;;
390730100108;5;1.00;267.560488785;12;125;;;;;;
390730100304;5;1.00;276.798109267;12;125;;;;;;
390730100319;5;1.00;276.798109267;12;125;;;;;;
390730100331;5;1.00;276.798109267;12;125;;;;;;
390730100411;5;1.00;295.523838387;12;125;;;;;;
390730100436;5;1.00;295.523838387;12;125;;;;;;
390730100442;5;1.00;295.523838387;12;125;;;;;;
390730100525;5;1.00;236.972232053;12;125;;;;;;
390730100535;5;1.00;236.972232053;12;125;;;;;;
390790100214;5;1.00;285.606072983;12;125;;;;;;
390790100258;5;1.00;285.606072983;12;125;;;;;;
390080100602;5;1.00;249.861935052;13;135;;;;;;
390080100614;5;1.00;249.861935052;13;135;;;;;;
390080100617;5;1.00;249.861935052;13;135;;;;;;
390080100619;5;1.00;249.861935052;13;135;;;;;;
390080200126;5;1.00;260.272849012;13;135;;;;;;
390080200140;5;1.00;260.272849012;13;135;;;;;;
390350300237;5;1.00;171.433049883;13;135;;;;;;
390350300240;5;1.00;171.433049883;13;135;;;;;;
390730100127;5;1.00;267.560488785;13;135;;;;;;
390730100317;5;1.00;276.798109267;13;135;;;;;;
390730100323;5;1.00;276.798109267;13;135;;;;;;
390730100324;5;1.00;276.798109267;13;135;;;;;;
390730100409;5;1.00;295.523838387;13;135;;;;;;
390730100504;5;1.00;236.972232053;13;135;;;;;;
390730100531;5;1.00;236.972232053;13;135;;;;;;
390730100532;5;1.00;236.972232053;13;135;;;;;;
390730100534;5;1.00;236.972232053;13;135;;;;;;
390730100536;5;1.00;236.972232053;13;135;;;;;;
390730100539;5;1.00;236.972232053;13;135;;;;;;
390730100708;5;1.00;267.944048773;13;135;;;;;;
390730100721;5;1.00;267.944048773;13;135;;;;;;
390730100727;5;1.00;267.944048773;13;135;;;;;;
390790100219;5;1.00;285.606072983;13;135;;;;;;
390790100233;5;1.00;285.606072983;13;135;;;;;;
390790100322;5;1.00;256.455513894;13;135;;;;;;
390790100325;5;1.00;256.455513894;13;135;;;;;;
390790100331;5;1.00;256.455513894;13;135;;;;;;
390790100342;5;1.00;256.455513894;13;135;;;;;;
390790100352;5;1.00;256.455513894;13;135;;;;;;
390790100358;5;1.00;256.455513894;13;135;;;;;;
390080200137;5;1.00;260.272849012;14;145;;;;;;
390350300226;5;1.00;171.433049883;14;145;;;;;;
390730100115;5;1.00;267.560488785;14;145;;;;;;
390730100359;5;1.00;276.798109267;14;145;;;;;;
390730100405;5;1.00;295.523838387;14;145;;;;;;
390730100443;5;1.00;295.523838387;14;145;;;;;;
390730100453;5;1.00;295.523838387;14;145;;;;;;
390730100512;5;1.00;236.972232053;14;145;;;;;;
390730100514;5;1.00;236.972232053;14;145;;;;;;
390730100705;5;1.00;267.944048773;14;145;;;;;;
390730100754;5;1.00;267.944048773;14;145;;;;;;
390790100328;5;1.00;256.455513894;14;145;;;;;;
390080100604;5;1.00;249.861935052;15;155;;;;;;
390080100622;5;1.00;249.861935052;15;155;;;;;;
390080200139;5;1.00;260.272849012;15;155;;;;;;
390350300208;5;1.00;171.433049883;15;155;;;;;;
390350300225;5;1.00;171.433049883;15;155;;;;;;
390350300251;5;1.00;171.433049883;15;155;;;;;;
390730100104;5;1.00;267.560488785;15;155;;;;;;
390730100109;5;1.00;267.560488785;15;155;;;;;;
390730100134;5;1.00;267.560488785;15;155;;;;;;
390730100417;5;1.00;295.523838387;15;155;;;;;;
390730100421;5;1.00;295.523838387;15;155;;;;;;
390730100428;5;1.00;295.523838387;15;155;;;;;;
390730100438;5;1.00;295.523838387;15;155;;;;;;
390730100734;5;1.00;267.944048773;15;155;;;;;;
390730100740;5;1.00;267.944048773;15;155;;;;;;
390790100203;5;1.00;285.606072983;15;155;;;;;;
390790100205;5;1.00;285.606072983;15;155;;;;;;
390790100306;5;1.00;256.455513894;15;155;;;;;;
390080200111;5;1.00;260.272849012;16;165;;;;;;
390080200122;5;1.00;260.272849012;16;165;;;;;;
390080200129;5;1.00;260.272849012;16;165;;;;;;
390350300224;5;1.00;171.433049883;16;165;;;;;;
390350300231;5;1.00;171.433049883;16;165;;;;;;
390730100103;5;1.00;267.560488785;16;165;;;;;;
390730100132;5;1.00;267.560488785;16;165;;;;;;
390730100301;5;1.00;276.798109267;16;165;;;;;;
390730100336;5;1.00;276.798109267;16;165;;;;;;
390730100339;5;1.00;276.798109267;16;165;;;;;;
390730100407;5;1.00;295.523838387;16;165;;;;;;
390730100524;5;1.00;236.972232053;16;165;;;;;;
390730100540;5;1.00;236.972232053;16;165;;;;;;
390730100553;5;1.00;236.972232053;16;165;;;;;;
390730100715;5;1.00;267.944048773;16;165;;;;;;
390730100722;5;1.00;267.944048773;16;165;;;;;;
390730100741;5;1.00;267.944048773;16;165;;;;;;
390790100226;5;1.00;285.606072983;16;165;;;;;;
390790100239;5;1.00;285.606072983;16;165;;;;;;
390790100324;5;1.00;256.455513894;16;165;;;;;;
390790100354;5;1.00;256.455513894;16;165;;;;;;
390080100603;5;1.00;249.861935052;21;215;;;;;;
390730100422;5;1.00;295.523838387;21;215;;;;;;
390730100526;5;1.00;236.972232053;21;215;;;;;;
390730100728;5;1.00;267.944048773;21;215;;;;;;
390730100746;5;1.00;267.944048773;21;215;;;;;;
390790100237;5;1.00;285.606072983;21;215;;;;;;
390790100350;5;1.00;256.455513894;21;215;;;;;;
390080100610;5;1.00;249.861935052;22;225;;;;;;
390080100612;5;1.00;249.861935052;22;225;;;;;;
390080200108;5;1.00;260.272849012;22;225;;;;;;
390080200133;5;1.00;260.272849012;22;225;;;;;;
390350300230;5;1.00;171.433049883;22;225;;;;;;
390350300234;5;1.00;171.433049883;22;225;;;;;;
390730100116;5;1.00;267.560488785;22;225;;;;;;
390730100332;5;1.00;276.798109267;22;225;;;;;;
390730100425;5;1.00;295.523838387;22;225;;;;;;
390730100430;5;1.00;295.523838387;22;225;;;;;;
390730100739;5;1.00;267.944048773;22;225;;;;;;
390790100207;5;1.00;285.606072983;22;225;;;;;;
390790100218;5;1.00;285.606072983;22;225;;;;;;
390790100330;5;1.00;256.455513894;22;225;;;;;;
390080100631;5;1.00;249.861935052;23;235;;;;;;
390080100637;5;1.00;249.861935052;23;235;;;;;;
390080200116;5;1.00;260.272849012;23;235;;;;;;
390080200144;5;1.00;260.272849012;23;235;;;;;;
390350300203;5;1.00;171.433049883;23;235;;;;;;
390350300207;5;1.00;171.433049883;23;235;;;;;;
390730100129;5;1.00;267.560488785;23;235;;;;;;
390730100131;5;1.00;267.560488785;23;235;;;;;;
390730100360;5;1.00;276.798109267;23;235;;;;;;
390730100424;5;1.00;295.523838387;23;235;;;;;;
390730100503;5;1.00;236.972232053;23;235;;;;;;
390730100510;5;1.00;236.972232053;23;235;;;;;;
390730100516;5;1.00;236.972232053;23;235;;;;;;
390730100523;5;1.00;236.972232053;23;235;;;;;;
390730100528;5;1.00;236.972232053;23;235;;;;;;
390730100720;5;1.00;267.944048773;23;235;;;;;;
390790100217;5;1.00;285.606072983;23;235;;;;;;
390790100321;5;1.00;256.455513894;23;235;;;;;;
390790100337;5;1.00;256.455513894;23;235;;;;;;
390080100607;5;1.00;249.861935052;24;245;;;;;;
390080200112;5;1.00;260.272849012;24;245;;;;;;
390080200121;5;1.00;260.272849012;24;245;;;;;;
390350300206;5;1.00;171.433049883;24;245;;;;;;
390350300238;5;1.00;171.433049883;24;245;;;;;;
390730100136;5;1.00;267.560488785;24;245;;;;;;
390730100147;5;1.00;267.560488785;24;245;;;;;;
390730100159;5;1.00;267.560488785;24;245;;;;;;
390730100315;5;1.00;276.798109267;24;245;;;;;;
390730100333;5;1.00;276.798109267;24;245;;;;;;
390730100340;5;1.00;276.798109267;24;245;;;;;;
390730100440;5;1.00;295.523838387;24;245;;;;;;
390730100519;5;1.00;236.972232053;24;245;;;;;;
390730100737;5;1.00;267.944048773;24;245;;;;;;
390790100204;5;1.00;285.606072983;24;245;;;;;;
390790100209;5;1.00;285.606072983;24;245;;;;;;
390790100235;5;1.00;285.606072983;24;245;;;;;;
390790100249;5;1.00;285.606072983;24;245;;;;;;
390790100319;5;1.00;256.455513894;24;245;;;;;;
390790100338;5;1.00;256.455513894;24;245;;;;;;
390790100346;5;1.00;256.455513894;24;245;;;;;;
390080100615;5;1.00;249.861935052;25;255;;;;;;
390080100628;5;1.00;249.861935052;25;255;;;;;;
390080200114;5;1.00;260.272849012;25;255;;;;;;
390080200128;5;1.00;260.272849012;25;255;;;;;;
390080200143;5;1.00;260.272849012;25;255;;;;;;
390080200155;5;1.00;260.272849012;25;255;;;;;;
390350300211;5;1.00;171.433049883;25;255;;;;;;
390350300229;5;1.00;171.433049883;25;255;;;;;;
390350300232;5;1.00;171.433049883;25;255;;;;;;
390730100123;5;1.00;267.560488785;25;255;;;;;;
390730100154;5;1.00;267.560488785;25;255;;;;;;
390730100302;5;1.00;276.798109267;25;255;;;;;;
390730100322;5;1.00;276.798109267;25;255;;;;;;
390730100413;5;1.00;295.523838387;25;255;;;;;;
390730100723;5;1.00;267.944048773;25;255;;;;;;
390790100206;5;1.00;285.606072983;25;255;;;;;;
390790100215;5;1.00;285.606072983;25;255;;;;;;
390080100624;5;1.00;249.861935052;26;265;;;;;;
390080100629;5;1.00;249.861935052;26;265;;;;;;
390080200106;5;1.00;260.272849012;26;265;;;;;;
390080200107;5;1.00;260.272849012;26;265;;;;;;
390350300233;5;1.00;171.433049883;26;265;;;;;;
390730100135;5;1.00;267.560488785;26;265;;;;;;
390730100316;5;1.00;276.798109267;26;265;;;;;;
390730100326;5;1.00;276.798109267;26;265;;;;;;
390730100327;5;1.00;276.798109267;26;265;;;;;;
390730100357;5;1.00;276.798109267;26;265;;;;;;
390730100420;5;1.00;295.523838387;26;265;;;;;;
390730100522;5;1.00;236.972232053;26;265;;;;;;
390730100709;5;1.00;267.944048773;26;265;;;;;;
390730100735;5;1.00;267.944048773;26;265;;;;;;
390790100202;5;1.00;285.606072983;26;265;;;;;;
390790100225;5;1.00;285.606072983;26;265;;;;;;
390790100307;5;1.00;256.455513894;26;265;;;;;;
390790100355;5;1.00;256.455513894;26;265;;;;;;
390160100421;6;1.00;291.752467907;11;116;;;;;;
390160101405;6;1.00;259.905624836;11;116;;;;;;
390200200703;6;1.00;301.306520828;11;116;;;;;;
390200200710;6;1.00;301.306520828;11;116;;;;;;
390520200423;6;1.00;273.705923500;11;116;;;;;;
390160100205;6;1.00;264.151870579;12;126;;;;;;
390160100219;6;1.00;264.151870579;12;126;;;;;;
390160100432;6;1.00;291.752467907;12;126;;;;;;
390160100440;6;1.00;291.752467907;12;126;;;;;;
390160101421;6;1.00;259.905624836;12;126;;;;;;
390160300125;6;1.00;261.321040084;12;126;;;;;;
390200100302;6;1.00;322.360822636;12;126;;;;;;
390520100211;6;1.00;262.205674614;12;126;;;;;;
390520100218;6;1.00;262.205674614;12;126;;;;;;
390520100236;6;1.00;262.205674614;12;126;;;;;;
390520100238;6;1.00;262.205674614;12;126;;;;;;
390520100240;6;1.00;262.205674614;12;126;;;;;;
390520100522;6;1.00;298.121836521;12;126;;;;;;
390520100714;6;1.00;262.382601520;12;126;;;;;;
390520100725;6;1.00;262.382601520;12;126;;;;;;
390160100232;6;1.00;264.151870579;13;136;;;;;;
390160100408;6;1.00;291.752467907;13;136;;;;;;
390160100425;6;1.00;291.752467907;13;136;;;;;;
390160100522;6;1.00;294.052517684;13;136;;;;;;
390160101401;6;1.00;259.905624836;13;136;;;;;;
390160101403;6;1.00;259.905624836;13;136;;;;;;
390160101433;6;1.00;259.905624836;13;136;;;;;;
390160101436;6;1.00;259.905624836;13;136;;;;;;
390160300115;6;1.00;261.321040084;13;136;;;;;;
390200100310;6;1.00;322.360822636;13;136;;;;;;
390200200717;6;1.00;301.306520828;13;136;;;;;;
390200200729;6;1.00;301.306520828;13;136;;;;;;
390200200730;6;1.00;301.306520828;13;136;;;;;;
390200201205;6;1.00;285.383099293;13;136;;;;;;
390200201210;6;1.00;285.383099293;13;136;;;;;;
390200201213;6;1.00;285.383099293;13;136;;;;;;
390200201217;6;1.00;285.383099293;13;136;;;;;;
390200201222;6;1.00;285.383099293;13;136;;;;;;
390520100210;6;1.00;262.205674614;13;136;;;;;;
390520100221;6;1.00;262.205674614;13;136;;;;;;
390520100505;6;1.00;298.121836521;13;136;;;;;;
390520100537;6;1.00;298.121836521;13;136;;;;;;
390520100722;6;1.00;262.382601520;13;136;;;;;;
390520100758;6;1.00;262.382601520;13;136;;;;;;
390520200406;6;1.00;273.705923500;13;136;;;;;;
390520200410;6;1.00;273.705923500;13;136;;;;;;
390520200433;6;1.00;273.705923500;13;136;;;;;;
390160100201;6;1.00;264.151870579;14;146;;;;;;
390160100221;6;1.00;264.151870579;14;146;;;;;;
390160100228;6;1.00;264.151870579;14;146;;;;;;
390160100234;6;1.00;264.151870579;14;146;;;;;;
390160100236;6;1.00;264.151870579;14;146;;;;;;
390160100511;6;1.00;294.052517684;14;146;;;;;;
390160100513;6;1.00;294.052517684;14;146;;;;;;
390160100550;6;1.00;294.052517684;14;146;;;;;;
390160100556;6;1.00;294.052517684;14;146;;;;;;
390160101408;6;1.00;259.905624836;14;146;;;;;;
390160101414;6;1.00;259.905624836;14;146;;;;;;
390160101422;6;1.00;259.905624836;14;146;;;;;;
390160300127;6;1.00;261.321040084;14;146;;;;;;
390160300137;6;1.00;261.321040084;14;146;;;;;;
390200100309;6;1.00;322.360822636;14;146;;;;;;
390200100326;6;1.00;322.360822636;14;146;;;;;;
390200100342;6;1.00;322.360822636;14;146;;;;;;
390200200731;6;1.00;301.306520828;14;146;;;;;;
390200200735;6;1.00;301.306520828;14;146;;;;;;
390200201229;6;1.00;285.383099293;14;146;;;;;;
390520100212;6;1.00;262.205674614;14;146;;;;;;
390520200403;6;1.00;273.705923500;14;146;;;;;;
390520200409;6;1.00;273.705923500;14;146;;;;;;
390520200425;6;1.00;273.705923500;14;146;;;;;;
390520200434;6;1.00;273.705923500;14;146;;;;;;
390160100222;6;1.00;264.151870579;15;156;;;;;;
390160100230;6;1.00;264.151870579;15;156;;;;;;
390160100235;6;1.00;264.151870579;15;156;;;;;;
390160100407;6;1.00;291.752467907;15;156;;;;;;
390160100417;6;1.00;291.752467907;15;156;;;;;;
390160100443;6;1.00;291.752467907;15;156;;;;;;
390160100506;6;1.00;294.052517684;15;156;;;;;;
390160101438;6;1.00;259.905624836;15;156;;;;;;
390160300133;6;1.00;261.321040084;15;156;;;;;;
390200100303;6;1.00;322.360822636;15;156;;;;;;
390200100311;6;1.00;322.360822636;15;156;;;;;;
390200100320;6;1.00;322.360822636;15;156;;;;;;
390200200704;6;1.00;301.306520828;15;156;;;;;;
390200200733;6;1.00;301.306520828;15;156;;;;;;
390200201212;6;1.00;285.383099293;15;156;;;;;;
390200201219;6;1.00;285.383099293;15;156;;;;;;
390520100227;6;1.00;262.205674614;15;156;;;;;;
390520100228;6;1.00;262.205674614;15;156;;;;;;
390520100507;6;1.00;298.121836521;15;156;;;;;;
390520100515;6;1.00;298.121836521;15;156;;;;;;
390520100704;6;1.00;262.382601520;15;156;;;;;;
390520200416;6;1.00;273.705923500;15;156;;;;;;
390520200428;6;1.00;273.705923500;15;156;;;;;;
390520200460;6;1.00;273.705923500;15;156;;;;;;
390160100404;6;1.00;291.752467907;16;166;;;;;;
390160100437;6;1.00;291.752467907;16;166;;;;;;
390160100553;6;1.00;294.052517684;16;166;;;;;;
390160101402;6;1.00;259.905624836;16;166;;;;;;
390160101434;6;1.00;259.905624836;16;166;;;;;;
390160300106;6;1.00;261.321040084;16;166;;;;;;
390160300110;6;1.00;261.321040084;16;166;;;;;;
390160300131;6;1.00;261.321040084;16;166;;;;;;
390160300136;6;1.00;261.321040084;16;166;;;;;;
390200200707;6;1.00;301.306520828;16;166;;;;;;
390200201223;6;1.00;285.383099293;16;166;;;;;;
390200201248;6;1.00;285.383099293;16;166;;;;;;
390520100234;6;1.00;262.205674614;16;166;;;;;;
390520100237;6;1.00;262.205674614;16;166;;;;;;
390520100510;6;1.00;298.121836521;16;166;;;;;;
390520100705;6;1.00;262.382601520;16;166;;;;;;
390520100716;6;1.00;262.382601520;16;166;;;;;;
390520100732;6;1.00;262.382601520;16;166;;;;;;
390160100413;6;1.00;291.752467907;21;216;;;;;;
390160100502;6;1.00;294.052517684;21;216;;;;;;
390160300112;6;1.00;261.321040084;21;216;;;;;;
390200100318;6;1.00;322.360822636;21;216;;;;;;
390200100327;6;1.00;322.360822636;21;216;;;;;;
390200100333;6;1.00;322.360822636;21;216;;;;;;
390200201206;6;1.00;285.383099293;21;216;;;;;;
390520200408;6;1.00;273.705923500;21;216;;;;;;
390520200424;6;1.00;273.705923500;21;216;;;;;;
390160100504;6;1.00;294.052517684;22;226;;;;;;
390160100542;6;1.00;294.052517684;22;226;;;;;;
390160101424;6;1.00;259.905624836;22;226;;;;;;
390160101426;6;1.00;259.905624836;22;226;;;;;;
390200100336;6;1.00;322.360822636;22;226;;;;;;
390200201218;6;1.00;285.383099293;22;226;;;;;;
390200201243;6;1.00;285.383099293;22;226;;;;;;
390520100229;6;1.00;262.205674614;22;226;;;;;;
390520100231;6;1.00;262.205674614;22;226;;;;;;
390520100232;6;1.00;262.205674614;22;226;;;;;;
390520100233;6;1.00;262.205674614;22;226;;;;;;
390520100511;6;1.00;298.121836521;22;226;;;;;;
390520100527;6;1.00;298.121836521;22;226;;;;;;
390520100532;6;1.00;298.121836521;22;226;;;;;;
390520100711;6;1.00;262.382601520;22;226;;;;;;
390520100717;6;1.00;262.382601520;22;226;;;;;;
390520100723;6;1.00;262.382601520;22;226;;;;;;
390520100730;6;1.00;262.382601520;22;226;;;;;;
390520200414;6;1.00;273.705923500;22;226;;;;;;
390160100239;6;1.00;264.151870579;23;236;;;;;;
390160100423;6;1.00;291.752467907;23;236;;;;;;
390160100426;6;1.00;291.752467907;23;236;;;;;;
390160100434;6;1.00;291.752467907;23;236;;;;;;
390160100509;6;1.00;294.052517684;23;236;;;;;;
390160100518;6;1.00;294.052517684;23;236;;;;;;
390160100530;6;1.00;294.052517684;23;236;;;;;;
390160100531;6;1.00;294.052517684;23;236;;;;;;
390160100539;6;1.00;294.052517684;23;236;;;;;;
390160101406;6;1.00;259.905624836;23;236;;;;;;
390160101413;6;1.00;259.905624836;23;236;;;;;;
390160101423;6;1.00;259.905624836;23;236;;;;;;
390160101429;6;1.00;259.905624836;23;236;;;;;;
390160300104;6;1.00;261.321040084;23;236;;;;;;
390160300119;6;1.00;261.321040084;23;236;;;;;;
390200100346;6;1.00;322.360822636;23;236;;;;;;
390200200713;6;1.00;301.306520828;23;236;;;;;;
390200200724;6;1.00;301.306520828;23;236;;;;;;
390200200726;6;1.00;301.306520828;23;236;;;;;;
390200200737;6;1.00;301.306520828;23;236;;;;;;
390200201216;6;1.00;285.383099293;23;236;;;;;;
390200201231;6;1.00;285.383099293;23;236;;;;;;
390200201238;6;1.00;285.383099293;23;236;;;;;;
390520100220;6;1.00;262.205674614;23;236;;;;;;
390520100225;6;1.00;262.205674614;23;236;;;;;;
390520100516;6;1.00;298.121836521;23;236;;;;;;
390520100523;6;1.00;298.121836521;23;236;;;;;;
390520100533;6;1.00;298.121836521;23;236;;;;;;
390520100539;6;1.00;298.121836521;23;236;;;;;;
390520100706;6;1.00;262.382601520;23;236;;;;;;
390520100713;6;1.00;262.382601520;23;236;;;;;;
390520100715;6;1.00;262.382601520;23;236;;;;;;
390520100719;6;1.00;262.382601520;23;236;;;;;;
390520100731;6;1.00;262.382601520;23;236;;;;;;
390520200430;6;1.00;273.705923500;23;236;;;;;;
390520200436;6;1.00;273.705923500;23;236;;;;;;
390160100210;6;1.00;264.151870579;24;246;;;;;;
390160100212;6;1.00;264.151870579;24;246;;;;;;
390160100226;6;1.00;264.151870579;24;246;;;;;;
390160100237;6;1.00;264.151870579;24;246;;;;;;
390160100405;6;1.00;291.752467907;24;246;;;;;;
390160100433;6;1.00;291.752467907;24;246;;;;;;
390160100439;6;1.00;291.752467907;24;246;;;;;;
390160100517;6;1.00;294.052517684;24;246;;;;;;
390160100533;6;1.00;294.052517684;24;246;;;;;;
390160300123;6;1.00;261.321040084;24;246;;;;;;
390160300138;6;1.00;261.321040084;24;246;;;;;;
390200100308;6;1.00;322.360822636;24;246;;;;;;
390200100329;6;1.00;322.360822636;24;246;;;;;;
390200100338;6;1.00;322.360822636;24;246;;;;;;
390200200709;6;1.00;301.306520828;24;246;;;;;;
390200201225;6;1.00;285.383099293;24;246;;;;;;
390200201233;6;1.00;285.383099293;24;246;;;;;;
390200201235;6;1.00;285.383099293;24;246;;;;;;
390200201240;6;1.00;285.383099293;24;246;;;;;;
390520100501;6;1.00;298.121836521;24;246;;;;;;
390520100524;6;1.00;298.121836521;24;246;;;;;;
390520100529;6;1.00;298.121836521;24;246;;;;;;
390520100735;6;1.00;262.382601520;24;246;;;;;;
390520100738;6;1.00;262.382601520;24;246;;;;;;
390520200407;6;1.00;273.705923500;24;246;;;;;;
390160100217;6;1.00;264.151870579;25;256;;;;;;
390160100220;6;1.00;264.151870579;25;256;;;;;;
390160100422;6;1.00;291.752467907;25;256;;;;;;
390160100516;6;1.00;294.052517684;25;256;;;;;;
390160101425;6;1.00;259.905624836;25;256;;;;;;
390160101427;6;1.00;259.905624836;25;256;;;;;;
390160300117;6;1.00;261.321040084;25;256;;;;;;
390160300121;6;1.00;261.321040084;25;256;;;;;;
390160300129;6;1.00;261.321040084;25;256;;;;;;
390200100307;6;1.00;322.360822636;25;256;;;;;;
390200100316;6;1.00;322.360822636;25;256;;;;;;
390200100339;6;1.00;322.360822636;25;256;;;;;;
390200200706;6;1.00;301.306520828;25;256;;;;;;
390200200722;6;1.00;301.306520828;25;256;;;;;;
390520100217;6;1.00;262.205674614;25;256;;;;;;
390520100535;6;1.00;298.121836521;25;256;;;;;;
390520200418;6;1.00;273.705923500;25;256;;;;;;
390520200429;6;1.00;273.705923500;25;256;;;;;;
390160100204;6;1.00;264.151870579;26;266;;;;;;
390160100238;6;1.00;264.151870579;26;266;;;;;;
390160100406;6;1.00;291.752467907;26;266;;;;;;
390160100431;6;1.00;291.752467907;26;266;;;;;;
390160100510;6;1.00;294.052517684;26;266;;;;;;
390160100512;6;1.00;294.052517684;26;266;;;;;;
390160300113;6;1.00;261.321040084;26;266;;;;;;
390160300130;6;1.00;261.321040084;26;266;;;;;;
390160300134;6;1.00;261.321040084;26;266;;;;;;
390200100312;6;1.00;322.360822636;26;266;;;;;;
390200200714;6;1.00;301.306520828;26;266;;;;;;
390200200723;6;1.00;301.306520828;26;266;;;;;;
390200200734;6;1.00;301.306520828;26;266;;;;;;
390520100219;6;1.00;262.205674614;26;266;;;;;;
390520100504;6;1.00;298.121836521;26;266;;;;;;
390520100509;6;1.00;298.121836521;26;266;;;;;;
390520100517;6;1.00;298.121836521;26;266;;;;;;
390520100708;6;1.00;262.382601520;26;266;;;;;;
390520200439;6;1.00;273.705923500;26;266;;;;;;
390870100143;7;1.00;204.543547120;11;117;;;;;;
390870100623;7;1.00;223.236408560;11;117;;;;;;
390870100953;7;1.00;291.698027673;11;117;;;;;;
390870400228;7;1.00;250.677235802;11;117;;;;;;
390870400323;7;1.00;205.244638969;11;117;;;;;;
390870400907;7;1.00;231.149982812;11;117;;;;;;
390870400941;7;1.00;231.149982812;11;117;;;;;;
390870100154;7;1.00;204.543547120;12;127;;;;;;
390870300232;7;1.00;267.957304916;12;127;;;;;;
390870300244;7;1.00;267.957304916;12;127;;;;;;
390870300248;7;1.00;267.957304916;12;127;;;;;;
390870400221;7;1.00;250.677235802;12;127;;;;;;
390870100111;7;1.00;204.543547120;13;137;;;;;;
390870100644;7;1.00;223.236408560;13;137;;;;;;
390870100916;7;1.00;291.698027673;13;137;;;;;;
390870101359;7;1.00;195.580725179;13;137;;;;;;
390870300204;7;1.00;267.957304916;13;137;;;;;;
390870300220;7;1.00;267.957304916;13;137;;;;;;
390870300221;7;1.00;267.957304916;13;137;;;;;;
390870300230;7;1.00;267.957304916;13;137;;;;;;
390870300240;7;1.00;267.957304916;13;137;;;;;;
390870300249;7;1.00;267.957304916;13;137;;;;;;
390870300925;7;1.00;232.236675179;13;137;;;;;;
390870300931;7;1.00;232.236675179;13;137;;;;;;
390870400257;7;1.00;250.677235802;13;137;;;;;;
390870400950;7;1.00;231.149982812;13;137;;;;;;
390870100146;7;1.00;204.543547120;14;147;;;;;;
390870100611;7;1.00;223.236408560;14;147;;;;;;
390870100947;7;1.00;291.698027673;14;147;;;;;;
390870101325;7;1.00;195.580725179;14;147;;;;;;
390870101355;7;1.00;195.580725179;14;147;;;;;;
390870300239;7;1.00;267.957304916;14;147;;;;;;
390870300243;7;1.00;267.957304916;14;147;;;;;;
390870300251;7;1.00;267.957304916;14;147;;;;;;
390870400211;7;1.00;250.677235802;14;147;;;;;;
390870400214;7;1.00;250.677235802;14;147;;;;;;
390870400247;7;1.00;250.677235802;14;147;;;;;;
390870400303;7;1.00;205.244638969;14;147;;;;;;
390870400901;7;1.00;231.149982812;14;147;;;;;;
390870400931;7;1.00;231.149982812;14;147;;;;;;
390870400947;7;1.00;231.149982812;14;147;;;;;;
390870100140;7;1.00;204.543547120;15;157;;;;;;
390870100155;7;1.00;204.543547120;15;157;;;;;;
390870100655;7;1.00;223.236408560;15;157;;;;;;
390870100918;7;1.00;291.698027673;15;157;;;;;;
390870101327;7;1.00;195.580725179;15;157;;;;;;
390870101354;7;1.00;195.580725179;15;157;;;;;;
390870300934;7;1.00;232.236675179;15;157;;;;;;
390870300940;7;1.00;232.236675179;15;157;;;;;;
390870400209;7;1.00;250.677235802;15;157;;;;;;
390870400245;7;1.00;250.677235802;15;157;;;;;;
390870400336;7;1.00;205.244638969;15;157;;;;;;
390870400354;7;1.00;205.244638969;15;157;;;;;;
390870100630;7;1.00;223.236408560;16;167;;;;;;
390870100638;7;1.00;223.236408560;16;167;;;;;;
390870100650;7;1.00;223.236408560;16;167;;;;;;
390870100660;7;1.00;223.236408560;16;167;;;;;;
390870100926;7;1.00;291.698027673;16;167;;;;;;
390870100937;7;1.00;291.698027673;16;167;;;;;;
390870100943;7;1.00;291.698027673;16;167;;;;;;
390870100946;7;1.00;291.698027673;16;167;;;;;;
390870300207;7;1.00;267.957304916;16;167;;;;;;
390870300927;7;1.00;232.236675179;16;167;;;;;;
390870300927;7;1.00;232.236675179;16;167;;;;;;
390870300947;7;1.00;232.236675179;16;167;;;;;;
390870400238;7;1.00;250.677235802;16;167;;;;;;
390870400246;7;1.00;250.677235802;16;167;;;;;;
390870400320;7;1.00;205.244638969;16;167;;;;;;
390870400324;7;1.00;205.244638969;16;167;;;;;;
390870400903;7;1.00;231.149982812;16;167;;;;;;
390870400937;7;1.00;231.149982812;16;167;;;;;;
390870100127;7;1.00;204.543547120;21;217;;;;;;
390870100960;7;1.00;291.698027673;21;217;;;;;;
390870101302;7;1.00;195.580725179;21;217;;;;;;
390870101319;7;1.00;195.580725179;21;217;;;;;;
390870400258;7;1.00;250.677235802;21;217;;;;;;
390870400953;7;1.00;231.149982812;21;217;;;;;;
390870100148;7;1.00;204.543547120;22;227;;;;;;
390870100933;7;1.00;291.698027673;22;227;;;;;;
390870100950;7;1.00;291.698027673;22;227;;;;;;
390870101329;7;1.00;195.580725179;22;227;;;;;;
390870101333;7;1.00;195.580725179;22;227;;;;;;
390870300205;7;1.00;267.957304916;22;227;;;;;;
390870300241;7;1.00;267.957304916;22;227;;;;;;
390870300907;7;1.00;232.236675179;22;227;;;;;;
390870300909;7;1.00;232.236675179;22;227;;;;;;
390870300960;7;1.00;232.236675179;22;227;;;;;;
390870400306;7;1.00;205.244638969;22;227;;;;;;
390870400311;7;1.00;205.244638969;22;227;;;;;;
390870400329;7;1.00;205.244638969;22;227;;;;;;
390870400360;7;1.00;205.244638969;22;227;;;;;;
390870400932;7;1.00;231.149982812;22;227;;;;;;
390870400945;7;1.00;231.149982812;22;227;;;;;;
390870100106;7;1.00;204.543547120;23;237;;;;;;
390870100119;7;1.00;204.543547120;23;237;;;;;;
390870100121;7;1.00;204.543547120;23;237;;;;;;
390870100602;7;1.00;223.236408560;23;237;;;;;;
390870100652;7;1.00;223.236408560;23;237;;;;;;
390870100936;7;1.00;291.698027673;23;237;;;;;;
390870101308;7;1.00;195.580725179;23;237;;;;;;
390870101326;7;1.00;195.580725179;23;237;;;;;;
390870101328;7;1.00;195.580725179;23;237;;;;;;
390870101332;7;1.00;195.580725179;23;237;;;;;;
390870101348;7;1.00;195.580725179;23;237;;;;;;
390870101350;7;1.00;195.580725179;23;237;;;;;;
390870300211;7;1.00;267.957304916;23;237;;;;;;
390870300216;7;1.00;267.957304916;23;237;;;;;;
390870300219;7;1.00;267.957304916;23;237;;;;;;
390870300901;7;1.00;232.236675179;23;237;;;;;;
390870300933;7;1.00;232.236675179;23;237;;;;;;
390870400216;7;1.00;250.677235802;23;237;;;;;;
390870400219;7;1.00;250.677235802;23;237;;;;;;
390870400222;7;1.00;250.677235802;23;237;;;;;;
390870400234;7;1.00;250.677235802;23;237;;;;;;
390870400331;7;1.00;205.244638969;23;237;;;;;;
390870400339;7;1.00;205.244638969;23;237;;;;;;
390870400342;7;1.00;205.244638969;23;237;;;;;;
390870400904;7;1.00;231.149982812;23;237;;;;;;
390870400925;7;1.00;231.149982812;23;237;;;;;;
390870400955;7;1.00;231.149982812;23;237;;;;;;
390870100128;7;1.00;204.543547120;24;247;;;;;;
390870100601;7;1.00;223.236408560;24;247;;;;;;
390870100628;7;1.00;223.236408560;24;247;;;;;;
390870100649;7;1.00;223.236408560;24;247;;;;;;
390870100929;7;1.00;291.698027673;24;247;;;;;;
390870101301;7;1.00;195.580725179;24;247;;;;;;
390870101303;7;1.00;195.580725179;24;247;;;;;;
390870101331;7;1.00;195.580725179;24;247;;;;;;
390870101345;7;1.00;195.580725179;24;247;;;;;;
390870101353;7;1.00;195.580725179;24;247;;;;;;
390870300920;7;1.00;232.236675179;24;247;;;;;;
390870300956;7;1.00;232.236675179;24;247;;;;;;
390870400226;7;1.00;250.677235802;24;247;;;;;;
390870400308;7;1.00;205.244638969;24;247;;;;;;
390870400310;7;1.00;205.244638969;24;247;;;;;;
390870400316;7;1.00;205.244638969;24;247;;;;;;
390870400334;7;1.00;205.244638969;24;247;;;;;;
390870400916;7;1.00;231.149982812;24;247;;;;;;
390870400936;7;1.00;231.149982812;24;247;;;;;;
390870400940;7;1.00;231.149982812;24;247;;;;;;
390870100116;7;1.00;204.543547120;25;257;;;;;;
390870100139;7;1.00;204.543547120;25;257;;;;;;
390870100142;7;1.00;204.543547120;25;257;;;;;;
390870100619;7;1.00;223.236408560;25;257;;;;;;
390870100640;7;1.00;223.236408560;25;257;;;;;;
390870100927;7;1.00;291.698027673;25;257;;;;;;
390870100941;7;1.00;291.698027673;25;257;;;;;;
390870101334;7;1.00;195.580725179;25;257;;;;;;
390870300227;7;1.00;267.957304916;25;257;;;;;;
390870300914;7;1.00;232.236675179;25;257;;;;;;
390870300915;7;1.00;232.236675179;25;257;;;;;;
390870300929;7;1.00;232.236675179;25;257;;;;;;
390870300939;7;1.00;232.236675179;25;257;;;;;;
390870300941;7;1.00;232.236675179;25;257;;;;;;
390870300950;7;1.00;232.236675179;25;257;;;;;;
390870400933;7;1.00;231.149982812;25;257;;;;;;
390870400935;7;1.00;231.149982812;25;257;;;;;;
390870100108;7;1.00;204.543547120;26;267;;;;;;
390870100126;7;1.00;204.543547120;26;267;;;;;;
390870100129;7;1.00;204.543547120;26;267;;;;;;
390870100133;7;1.00;204.543547120;26;267;;;;;;
390870100147;7;1.00;204.543547120;26;267;;;;;;
390870100149;7;1.00;204.543547120;26;267;;;;;;
390870100607;7;1.00;223.236408560;26;267;;;;;;
390870100624;7;1.00;223.236408560;26;267;;;;;;
390870100625;7;1.00;223.236408560;26;267;;;;;;
390870100631;7;1.00;223.236408560;26;267;;;;;;
390870100653;7;1.00;223.236408560;26;267;;;;;;
390870100907;7;1.00;291.698027673;26;267;;;;;;
390870100942;7;1.00;291.698027673;26;267;;;;;;
390870100952;7;1.00;291.698027673;26;267;;;;;;
390870100957;7;1.00;291.698027673;26;267;;;;;;
390870100958;7;1.00;291.698027673;26;267;;;;;;
390870101343;7;1.00;195.580725179;26;267;;;;;;
390870300247;7;1.00;267.957304916;26;267;;;;;;
390870300930;7;1.00;232.236675179;26;267;;;;;;
390870400212;7;1.00;250.677235802;26;267;;;;;;
390870400224;7;1.00;250.677235802;26;267;;;;;;
390870400233;7;1.00;250.677235802;26;267;;;;;;
390870400318;7;1.00;205.244638969;26;267;;;;;;
390870400338;7;1.00;205.244638969;26;267;;;;;;
390870400340;7;1.00;205.244638969;26;267;;;;;;
390870400344;7;1.00;205.244638969;26;267;;;;;;
390870400930;7;1.00;231.149982812;26;267;;;;;;
390750200517;8;1.00;291.653809754;11;118;;;;;;
390750201924;8;1.00;285.181587156;11;118;;;;;;
390750201953;8;1.00;285.181587156;11;118;;;;;;
390750501234;8;1.00;285.588676278;11;118;;;;;;
390750700448;8;1.00;274.106675404;11;118;;;;;;
390750800146;8;1.00;328.145146789;11;118;;;;;;
390750801805;8;1.00;292.415247706;11;118;;;;;;
390750802202;8;1.00;316.276933159;11;118;;;;;;
390750802206;8;1.00;316.276933159;11;118;;;;;;
390750802311;8;1.00;406.400201835;11;118;;;;;;
390750802317;8;1.00;406.400201835;11;118;;;;;;
390750802413;8;1.00;290.807767584;11;118;;;;;;
390750802610;8;1.00;341.357039199;11;118;;;;;;
390750200514;8;1.00;291.653809754;12;128;;;;;;
390750200521;8;1.00;291.653809754;12;128;;;;;;
390750201830;8;1.00;299.498928054;12;128;;;;;;
390750201839;8;1.00;299.498928054;12;128;;;;;;
390750201926;8;1.00;285.181587156;12;128;;;;;;
390750202328;8;1.00;313.239422018;12;128;;;;;;
390750500338;8;1.00;283.427972477;12;128;;;;;;
390750500437;8;1.00;302.717733945;12;128;;;;;;
390750700527;8;1.00;305.128954128;12;128;;;;;;
390750702113;8;1.00;400.920155963;12;128;;;;;;
390750800110;8;1.00;328.145146789;12;128;;;;;;
390750800153;8;1.00;328.145146789;12;128;;;;;;
390750800509;8;1.00;382.663774574;12;128;;;;;;
390750802024;8;1.00;322.445899083;12;128;;;;;;
390750802107;8;1.00;343.050871560;12;128;;;;;;
390750802238;8;1.00;316.276933159;12;128;;;;;;
390750802609;8;1.00;341.357039199;12;128;;;;;;
390750802625;8;1.00;341.357039199;12;128;;;;;;
390750200516;8;1.00;291.653809754;13;138;;;;;;
390750201805;8;1.00;299.498928054;13;138;;;;;;
390750201860;8;1.00;299.498928054;13;138;;;;;;
390750201913;8;1.00;285.181587156;13;138;;;;;;
390750201936;8;1.00;285.181587156;13;138;;;;;;
390750401411;8;1.00;380.534385321;13;138;;;;;;
390750401433;8;1.00;380.534385321;13;138;;;;;;
390750500313;8;1.00;283.427972477;13;138;;;;;;
390750500318;8;1.00;283.427972477;13;138;;;;;;
390750500319;8;1.00;283.427972477;13;138;;;;;;
390750500320;8;1.00;283.427972477;13;138;;;;;;
390750500322;8;1.00;283.427972477;13;138;;;;;;
390750500428;8;1.00;302.717733945;13;138;;;;;;
390750501207;8;1.00;285.588676278;13;138;;;;;;
390750501213;8;1.00;285.588676278;13;138;;;;;;
390750501252;8;1.00;285.588676278;13;138;;;;;;
390750600220;8;1.00;291.851585845;13;138;;;;;;
390750700408;8;1.00;274.106675404;13;138;;;;;;
390750700439;8;1.00;274.106675404;13;138;;;;;;
390750702110;8;1.00;400.920155963;13;138;;;;;;
390750702125;8;1.00;400.920155963;13;138;;;;;;
390750702140;8;1.00;400.920155963;13;138;;;;;;
390750800510;8;1.00;382.663774574;13;138;;;;;;
390750800511;8;1.00;382.663774574;13;138;;;;;;
390750800517;8;1.00;382.663774574;13;138;;;;;;
390750800714;8;1.00;317.947042377;13;138;;;;;;
390750800718;8;1.00;317.947042377;13;138;;;;;;
390750800738;8;1.00;317.947042377;13;138;;;;;;
390750802002;8;1.00;322.445899083;13;138;;;;;;
390750802006;8;1.00;322.445899083;13;138;;;;;;
390750802016;8;1.00;322.445899083;13;138;;;;;;
390750802026;8;1.00;322.445899083;13;138;;;;;;
390750802035;8;1.00;322.445899083;13;138;;;;;;
390750802330;8;1.00;406.400201835;13;138;;;;;;
390750802356;8;1.00;406.400201835;13;138;;;;;;
390750802426;8;1.00;290.807767584;13;138;;;;;;
390750802612;8;1.00;341.357039199;13;138;;;;;;
390750802618;8;1.00;341.357039199;13;138;;;;;;
390750802633;8;1.00;341.357039199;13;138;;;;;;
390750802645;8;1.00;341.357039199;13;138;;;;;;
390750200502;8;1.00;291.653809754;14;148;;;;;;
390750200505;8;1.00;291.653809754;14;148;;;;;;
390750201901;8;1.00;285.181587156;14;148;;;;;;
390750202334;8;1.00;313.239422018;14;148;;;;;;
390750401401;8;1.00;380.534385321;14;148;;;;;;
390750401418;8;1.00;380.534385321;14;148;;;;;;
390750500327;8;1.00;283.427972477;14;148;;;;;;
390750500402;8;1.00;302.717733945;14;148;;;;;;
390750500447;8;1.00;302.717733945;14;148;;;;;;
390750500448;8;1.00;302.717733945;14;148;;;;;;
390750501203;8;1.00;285.588676278;14;148;;;;;;
390750501204;8;1.00;285.588676278;14;148;;;;;;
390750501258;8;1.00;285.588676278;14;148;;;;;;
390750600207;8;1.00;291.851585845;14;148;;;;;;
390750600209;8;1.00;291.851585845;14;148;;;;;;
390750600241;8;1.00;291.851585845;14;148;;;;;;
390750700405;8;1.00;274.106675404;14;148;;;;;;
390750700458;8;1.00;274.106675404;14;148;;;;;;
390750700517;8;1.00;305.128954128;14;148;;;;;;
390750702131;8;1.00;400.920155963;14;148;;;;;;
390750800124;8;1.00;328.145146789;14;148;;;;;;
390750800158;8;1.00;328.145146789;14;148;;;;;;
390750800504;8;1.00;382.663774574;14;148;;;;;;
390750800521;8;1.00;382.663774574;14;148;;;;;;
390750800560;8;1.00;382.663774574;14;148;;;;;;
390750800715;8;1.00;317.947042377;14;148;;;;;;
390750801814;8;1.00;292.415247706;14;148;;;;;;
390750802022;8;1.00;322.445899083;14;148;;;;;;
390750802048;8;1.00;322.445899083;14;148;;;;;;
390750802055;8;1.00;322.445899083;14;148;;;;;;
390750802102;8;1.00;343.050871560;14;148;;;;;;
390750802103;8;1.00;343.050871560;14;148;;;;;;
390750802109;8;1.00;343.050871560;14;148;;;;;;
390750802114;8;1.00;343.050871560;14;148;;;;;;
390750802115;8;1.00;343.050871560;14;148;;;;;;
390750802120;8;1.00;343.050871560;14;148;;;;;;
390750802213;8;1.00;316.276933159;14;148;;;;;;
390750802236;8;1.00;316.276933159;14;148;;;;;;
390750802257;8;1.00;316.276933159;14;148;;;;;;
390750802318;8;1.00;406.400201835;14;148;;;;;;
390750802334;8;1.00;406.400201835;14;148;;;;;;
390750802438;8;1.00;290.807767584;14;148;;;;;;
390750802615;8;1.00;341.357039199;14;148;;;;;;
390750201918;8;1.00;285.181587156;15;158;;;;;;
390750202305;8;1.00;313.239422018;15;158;;;;;;
390750202307;8;1.00;313.239422018;15;158;;;;;;
390750202322;8;1.00;313.239422018;15;158;;;;;;
390750202339;8;1.00;313.239422018;15;158;;;;;;
390750401409;8;1.00;380.534385321;15;158;;;;;;
390750401427;8;1.00;380.534385321;15;158;;;;;;
390750500305;8;1.00;283.427972477;15;158;;;;;;
390750500314;8;1.00;283.427972477;15;158;;;;;;
390750500427;8;1.00;302.717733945;15;158;;;;;;
390750501209;8;1.00;285.588676278;15;158;;;;;;
390750501214;8;1.00;285.588676278;15;158;;;;;;
390750501233;8;1.00;285.588676278;15;158;;;;;;
390750600253;8;1.00;291.851585845;15;158;;;;;;
390750700423;8;1.00;274.106675404;15;158;;;;;;
390750700519;8;1.00;305.128954128;15;158;;;;;;
390750700556;8;1.00;305.128954128;15;158;;;;;;
390750702141;8;1.00;400.920155963;15;158;;;;;;
390750800107;8;1.00;328.145146789;15;158;;;;;;
390750800113;8;1.00;328.145146789;15;158;;;;;;
390750800115;8;1.00;328.145146789;15;158;;;;;;
390750800727;8;1.00;317.947042377;15;158;;;;;;
390750800735;8;1.00;317.947042377;15;158;;;;;;
390750801809;8;1.00;292.415247706;15;158;;;;;;
390750801817;8;1.00;292.415247706;15;158;;;;;;
390750801831;8;1.00;292.415247706;15;158;;;;;;
390750802118;8;1.00;343.050871560;15;158;;;;;;
390750802217;8;1.00;316.276933159;15;158;;;;;;
390750802304;8;1.00;406.400201835;15;158;;;;;;
390750802328;8;1.00;406.400201835;15;158;;;;;;
390750802336;8;1.00;406.400201835;15;158;;;;;;
390750802402;8;1.00;290.807767584;15;158;;;;;;
390750802412;8;1.00;290.807767584;15;158;;;;;;
390750200507;8;1.00;291.653809754;16;168;;;;;;
390750200530;8;1.00;291.653809754;16;168;;;;;;
390750201847;8;1.00;299.498928054;16;168;;;;;;
390750201905;8;1.00;285.181587156;16;168;;;;;;
390750201920;8;1.00;285.181587156;16;168;;;;;;
390750201932;8;1.00;285.181587156;16;168;;;;;;
390750202331;8;1.00;313.239422018;16;168;;;;;;
390750202357;8;1.00;313.239422018;16;168;;;;;;
390750401435;8;1.00;380.534385321;16;168;;;;;;
390750401440;8;1.00;380.534385321;16;168;;;;;;
390750500301;8;1.00;283.427972477;16;168;;;;;;
390750500332;8;1.00;283.427972477;16;168;;;;;;
390750500405;8;1.00;302.717733945;16;168;;;;;;
390750500406;8;1.00;302.717733945;16;168;;;;;;
390750500407;8;1.00;302.717733945;16;168;;;;;;
390750500413;8;1.00;302.717733945;16;168;;;;;;
390750500418;8;1.00;302.717733945;16;168;;;;;;
390750500425;8;1.00;302.717733945;16;168;;;;;;
390750501222;8;1.00;285.588676278;16;168;;;;;;
390750501238;8;1.00;285.588676278;16;168;;;;;;
390750600226;8;1.00;291.851585845;16;168;;;;;;
390750600235;8;1.00;291.851585845;16;168;;;;;;
390750600237;8;1.00;291.851585845;16;168;;;;;;
390750600259;8;1.00;291.851585845;16;168;;;;;;
390750700424;8;1.00;274.106675404;16;168;;;;;;
390750700430;8;1.00;274.106675404;16;168;;;;;;
390750700505;8;1.00;305.128954128;16;168;;;;;;
390750702106;8;1.00;400.920155963;16;168;;;;;;
390750702115;8;1.00;400.920155963;16;168;;;;;;
390750702128;8;1.00;400.920155963;16;168;;;;;;
390750702130;8;1.00;400.920155963;16;168;;;;;;
390750702132;8;1.00;400.920155963;16;168;;;;;;
390750800137;8;1.00;328.145146789;16;168;;;;;;
390750800156;8;1.00;328.145146789;16;168;;;;;;
390750800734;8;1.00;317.947042377;16;168;;;;;;
390750802108;8;1.00;343.050871560;16;168;;;;;;
390750802130;8;1.00;343.050871560;16;168;;;;;;
390750802237;8;1.00;316.276933159;16;168;;;;;;
390750802239;8;1.00;316.276933159;16;168;;;;;;
390750802314;8;1.00;406.400201835;16;168;;;;;;
390750802337;8;1.00;406.400201835;16;168;;;;;;
390750802419;8;1.00;290.807767584;16;168;;;;;;
390750802436;8;1.00;290.807767584;16;168;;;;;;
390750802620;8;1.00;341.357039199;16;168;;;;;;
390750802647;8;1.00;341.357039199;16;168;;;;;;
390750200549;8;1.00;291.653809754;21;218;;;;;;
390750201923;8;1.00;285.181587156;21;218;;;;;;
390750401408;8;1.00;380.534385321;21;218;;;;;;
390750401424;8;1.00;380.534385321;21;218;;;;;;
390750501246;8;1.00;285.588676278;21;218;;;;;;
390750700431;8;1.00;274.106675404;21;218;;;;;;
390750700444;8;1.00;274.106675404;21;218;;;;;;
390750700526;8;1.00;305.128954128;21;218;;;;;;
390750700530;8;1.00;305.128954128;21;218;;;;;;
390750702109;8;1.00;400.920155963;21;218;;;;;;
390750702134;8;1.00;400.920155963;21;218;;;;;;
390750800742;8;1.00;317.947042377;21;218;;;;;;
390750802009;8;1.00;322.445899083;21;218;;;;;;
390750802243;8;1.00;316.276933159;21;218;;;;;;
390750802306;8;1.00;406.400201835;21;218;;;;;;
390750802437;8;1.00;290.807767584;21;218;;;;;;
390750200537;8;1.00;291.653809754;22;228;;;;;;
390750201817;8;1.00;299.498928054;22;228;;;;;;
390750202335;8;1.00;313.239422018;22;228;;;;;;
390750500317;8;1.00;283.427972477;22;228;;;;;;
390750500331;8;1.00;283.427972477;22;228;;;;;;
390750500443;8;1.00;302.717733945;22;228;;;;;;
390750600213;8;1.00;291.851585845;22;228;;;;;;
390750700417;8;1.00;274.106675404;22;228;;;;;;
390750700515;8;1.00;305.128954128;22;228;;;;;;
390750700518;8;1.00;305.128954128;22;228;;;;;;
390750700522;8;1.00;305.128954128;22;228;;;;;;
390750702139;8;1.00;400.920155963;22;228;;;;;;
390750800136;8;1.00;328.145146789;22;228;;;;;;
390750800522;8;1.00;382.663774574;22;228;;;;;;
390750800524;8;1.00;382.663774574;22;228;;;;;;
390750800536;8;1.00;382.663774574;22;228;;;;;;
390750800544;8;1.00;382.663774574;22;228;;;;;;
390750800547;8;1.00;382.663774574;22;228;;;;;;
390750800728;8;1.00;317.947042377;22;228;;;;;;
390750800741;8;1.00;317.947042377;22;228;;;;;;
390750801840;8;1.00;292.415247706;22;228;;;;;;
390750802010;8;1.00;322.445899083;22;228;;;;;;
390750802018;8;1.00;322.445899083;22;228;;;;;;
390750802034;8;1.00;322.445899083;22;228;;;;;;
390750802106;8;1.00;343.050871560;22;228;;;;;;
390750802210;8;1.00;316.276933159;22;228;;;;;;
390750802310;8;1.00;406.400201835;22;228;;;;;;
390750802406;8;1.00;290.807767584;22;228;;;;;;
390750802459;8;1.00;290.807767584;22;228;;;;;;
390750802602;8;1.00;341.357039199;22;228;;;;;;
390750802611;8;1.00;341.357039199;22;228;;;;;;
390750802629;8;1.00;341.357039199;22;228;;;;;;
390750802653;8;1.00;341.357039199;22;228;;;;;;
390750201826;8;1.00;299.498928054;23;238;;;;;;
390750201846;8;1.00;299.498928054;23;238;;;;;;
390750201902;8;1.00;285.181587156;23;238;;;;;;
390750202302;8;1.00;313.239422018;23;238;;;;;;
390750202309;8;1.00;313.239422018;23;238;;;;;;
390750202329;8;1.00;313.239422018;23;238;;;;;;
390750202353;8;1.00;313.239422018;23;238;;;;;;
390750500426;8;1.00;302.717733945;23;238;;;;;;
390750500433;8;1.00;302.717733945;23;238;;;;;;
390750501224;8;1.00;285.588676278;23;238;;;;;;
390750600221;8;1.00;291.851585845;23;238;;;;;;
390750600239;8;1.00;291.851585845;23;238;;;;;;
390750600247;8;1.00;291.851585845;23;238;;;;;;
390750700419;8;1.00;274.106675404;23;238;;;;;;
390750700440;8;1.00;274.106675404;23;238;;;;;;
390750700442;8;1.00;274.106675404;23;238;;;;;;
390750702111;8;1.00;400.920155963;23;238;;;;;;
390750702158;8;1.00;400.920155963;23;238;;;;;;
390750800108;8;1.00;328.145146789;23;238;;;;;;
390750800123;8;1.00;328.145146789;23;238;;;;;;
390750800535;8;1.00;382.663774574;23;238;;;;;;
390750800551;8;1.00;382.663774574;23;238;;;;;;
390750800709;8;1.00;317.947042377;23;238;;;;;;
390750800723;8;1.00;317.947042377;23;238;;;;;;
390750800725;8;1.00;317.947042377;23;238;;;;;;
390750800745;8;1.00;317.947042377;23;238;;;;;;
390750800752;8;1.00;317.947042377;23;238;;;;;;
390750800753;8;1.00;317.947042377;23;238;;;;;;
390750801810;8;1.00;292.415247706;23;238;;;;;;
390750801812;8;1.00;292.415247706;23;238;;;;;;
390750801849;8;1.00;292.415247706;23;238;;;;;;
390750801853;8;1.00;292.415247706;23;238;;;;;;
390750802012;8;1.00;322.445899083;23;238;;;;;;
390750802030;8;1.00;322.445899083;23;238;;;;;;
390750802033;8;1.00;322.445899083;23;238;;;;;;
390750802052;8;1.00;322.445899083;23;238;;;;;;
390750802101;8;1.00;343.050871560;23;238;;;;;;
390750802125;8;1.00;343.050871560;23;238;;;;;;
390750802228;8;1.00;316.276933159;23;238;;;;;;
390750802228;8;1.00;316.276933159;23;238;;;;;;
390750802246;8;1.00;316.276933159;23;238;;;;;;
390750802251;8;1.00;316.276933159;23;238;;;;;;
390750802319;8;1.00;406.400201835;23;238;;;;;;
390750802320;8;1.00;406.400201835;23;238;;;;;;
390750802405;8;1.00;290.807767584;23;238;;;;;;
390750802614;8;1.00;341.357039199;23;238;;;;;;
390750802660;8;1.00;341.357039199;23;238;;;;;;
390750200508;8;1.00;291.653809754;24;248;;;;;;
390750200509;8;1.00;291.653809754;24;248;;;;;;
390750200525;8;1.00;291.653809754;24;248;;;;;;
390750200532;8;1.00;291.653809754;24;248;;;;;;
390750201819;8;1.00;299.498928054;24;248;;;;;;
390750201827;8;1.00;299.498928054;24;248;;;;;;
390750201829;8;1.00;299.498928054;24;248;;;;;;
390750201837;8;1.00;299.498928054;24;248;;;;;;
390750201904;8;1.00;285.181587156;24;248;;;;;;
390750201911;8;1.00;285.181587156;24;248;;;;;;
390750201919;8;1.00;285.181587156;24;248;;;;;;
390750202304;8;1.00;313.239422018;24;248;;;;;;
390750202306;8;1.00;313.239422018;24;248;;;;;;
390750202346;8;1.00;313.239422018;24;248;;;;;;
390750401407;8;1.00;380.534385321;24;248;;;;;;
390750401429;8;1.00;380.534385321;24;248;;;;;;
390750401436;8;1.00;380.534385321;24;248;;;;;;
390750401437;8;1.00;380.534385321;24;248;;;;;;
390750401448;8;1.00;380.534385321;24;248;;;;;;
390750500414;8;1.00;302.717733945;24;248;;;;;;
390750500424;8;1.00;302.717733945;24;248;;;;;;
390750500439;8;1.00;302.717733945;24;248;;;;;;
390750501237;8;1.00;285.588676278;24;248;;;;;;
390750600246;8;1.00;291.851585845;24;248;;;;;;
390750700404;8;1.00;274.106675404;24;248;;;;;;
390750700513;8;1.00;305.128954128;24;248;;;;;;
390750702123;8;1.00;400.920155963;24;248;;;;;;
390750800105;8;1.00;328.145146789;24;248;;;;;;
390750800142;8;1.00;328.145146789;24;248;;;;;;
390750800149;8;1.00;328.145146789;24;248;;;;;;
390750800155;8;1.00;328.145146789;24;248;;;;;;
390750800540;8;1.00;382.663774574;24;248;;;;;;
390750801824;8;1.00;292.415247706;24;248;;;;;;
390750801832;8;1.00;292.415247706;24;248;;;;;;
390750802015;8;1.00;322.445899083;24;248;;;;;;
390750802111;8;1.00;343.050871560;24;248;;;;;;
390750802117;8;1.00;343.050871560;24;248;;;;;;
390750802129;8;1.00;343.050871560;24;248;;;;;;
390750802154;8;1.00;343.050871560;24;248;;;;;;
390750802155;8;1.00;343.050871560;24;248;;;;;;
390750802201;8;1.00;316.276933159;24;248;;;;;;
390750802204;8;1.00;316.276933159;24;248;;;;;;
390750802260;8;1.00;316.276933159;24;248;;;;;;
390750802313;8;1.00;406.400201835;24;248;;;;;;
390750802420;8;1.00;290.807767584;24;248;;;;;;
390750802421;8;1.00;290.807767584;24;248;;;;;;
390750802439;8;1.00;290.807767584;24;248;;;;;;
390750802451;8;1.00;290.807767584;24;248;;;;;;
390750802613;8;1.00;341.357039199;24;248;;;;;;
390750802634;8;1.00;341.357039199;24;248;;;;;;
390750200506;8;1.00;291.653809754;25;258;;;;;;
390750200547;8;1.00;291.653809754;25;258;;;;;;
390750200548;8;1.00;291.653809754;25;258;;;;;;
390750201812;8;1.00;299.498928054;25;258;;;;;;
390750201816;8;1.00;299.498928054;25;258;;;;;;
390750201842;8;1.00;299.498928054;25;258;;;;;;
390750201844;8;1.00;299.498928054;25;258;;;;;;
390750201921;8;1.00;285.181587156;25;258;;;;;;
390750201933;8;1.00;285.181587156;25;258;;;;;;
390750201935;8;1.00;285.181587156;25;258;;;;;;
390750201940;8;1.00;285.181587156;25;258;;;;;;
390750202325;8;1.00;313.239422018;25;258;;;;;;
390750202337;8;1.00;313.239422018;25;258;;;;;;
390750401405;8;1.00;380.534385321;25;258;;;;;;
390750401426;8;1.00;380.534385321;25;258;;;;;;
390750401447;8;1.00;380.534385321;25;258;;;;;;
390750500309;8;1.00;283.427972477;25;258;;;;;;
390750500310;8;1.00;283.427972477;25;258;;;;;;
390750500339;8;1.00;283.427972477;25;258;;;;;;
390750500430;8;1.00;302.717733945;25;258;;;;;;
390750501205;8;1.00;285.588676278;25;258;;;;;;
390750501206;8;1.00;285.588676278;25;258;;;;;;
390750501217;8;1.00;285.588676278;25;258;;;;;;
390750600203;8;1.00;291.851585845;25;258;;;;;;
390750600250;8;1.00;291.851585845;25;258;;;;;;
390750600256;8;1.00;291.851585845;25;258;;;;;;
390750600260;8;1.00;291.851585845;25;258;;;;;;
390750700403;8;1.00;274.106675404;25;258;;;;;;
390750700422;8;1.00;274.106675404;25;258;;;;;;
390750700427;8;1.00;274.106675404;25;258;;;;;;
390750700446;8;1.00;274.106675404;25;258;;;;;;
390750700501;8;1.00;305.128954128;25;258;;;;;;
390750700503;8;1.00;305.128954128;25;258;;;;;;
390750700532;8;1.00;305.128954128;25;258;;;;;;
390750700541;8;1.00;305.128954128;25;258;;;;;;
390750800159;8;1.00;328.145146789;25;258;;;;;;
390750800520;8;1.00;382.663774574;25;258;;;;;;
390750800527;8;1.00;382.663774574;25;258;;;;;;
390750800538;8;1.00;382.663774574;25;258;;;;;;
390750800548;8;1.00;382.663774574;25;258;;;;;;
390750800703;8;1.00;317.947042377;25;258;;;;;;
390750801803;8;1.00;292.415247706;25;258;;;;;;
390750801815;8;1.00;292.415247706;25;258;;;;;;
390750801823;8;1.00;292.415247706;25;258;;;;;;
390750801833;8;1.00;292.415247706;25;258;;;;;;
390750802045;8;1.00;322.445899083;25;258;;;;;;
390750802105;8;1.00;343.050871560;25;258;;;;;;
390750802116;8;1.00;343.050871560;25;258;;;;;;
390750802332;8;1.00;406.400201835;25;258;;;;;;
390750802416;8;1.00;290.807767584;25;258;;;;;;
390750802428;8;1.00;290.807767584;25;258;;;;;;
390750802446;8;1.00;290.807767584;25;258;;;;;;
390750802619;8;1.00;341.357039199;25;258;;;;;;
390750802624;8;1.00;341.357039199;25;258;;;;;;
390750802627;8;1.00;341.357039199;25;258;;;;;;
390750802635;8;1.00;341.357039199;25;258;;;;;;
390750200528;8;1.00;291.653809754;26;268;;;;;;
390750200529;8;1.00;291.653809754;26;268;;;;;;
390750201806;8;1.00;299.498928054;26;268;;;;;;
390750201809;8;1.00;299.498928054;26;268;;;;;;
390750201858;8;1.00;299.498928054;26;268;;;;;;
390750201908;8;1.00;285.181587156;26;268;;;;;;
390750202330;8;1.00;313.239422018;26;268;;;;;;
390750202345;8;1.00;313.239422018;26;268;;;;;;
390750401420;8;1.00;380.534385321;26;268;;;;;;
390750401445;8;1.00;380.534385321;26;268;;;;;;
390750500303;8;1.00;283.427972477;26;268;;;;;;
390750500306;8;1.00;283.427972477;26;268;;;;;;
390750500307;8;1.00;283.427972477;26;268;;;;;;
390750500312;8;1.00;283.427972477;26;268;;;;;;
390750500455;8;1.00;302.717733945;26;268;;;;;;
390750501219;8;1.00;285.588676278;26;268;;;;;;
390750501223;8;1.00;285.588676278;26;268;;;;;;
390750501230;8;1.00;285.588676278;26;268;;;;;;
390750600216;8;1.00;291.851585845;26;268;;;;;;
390750600236;8;1.00;291.851585845;26;268;;;;;;
390750600255;8;1.00;291.851585845;26;268;;;;;;
390750700426;8;1.00;274.106675404;26;268;;;;;;
390750700459;8;1.00;274.106675404;26;268;;;;;;
390750700510;8;1.00;305.128954128;26;268;;;;;;
390750700520;8;1.00;305.128954128;26;268;;;;;;
390750700539;8;1.00;305.128954128;26;268;;;;;;
390750700545;8;1.00;305.128954128;26;268;;;;;;
390750700553;8;1.00;305.128954128;26;268;;;;;;
390750702103;8;1.00;400.920155963;26;268;;;;;;
390750702114;8;1.00;400.920155963;26;268;;;;;;
390750702126;8;1.00;400.920155963;26;268;;;;;;
390750800125;8;1.00;328.145146789;26;268;;;;;;
390750800141;8;1.00;328.145146789;26;268;;;;;;
390750800525;8;1.00;382.663774574;26;268;;;;;;
390750800552;8;1.00;382.663774574;26;268;;;;;;
390750800733;8;1.00;317.947042377;26;268;;;;;;
390750800740;8;1.00;317.947042377;26;268;;;;;;
390750800744;8;1.00;317.947042377;26;268;;;;;;
390750800749;8;1.00;317.947042377;26;268;;;;;;
390750801802;8;1.00;292.415247706;26;268;;;;;;
390750801829;8;1.00;292.415247706;26;268;;;;;;
390750801842;8;1.00;292.415247706;26;268;;;;;;
390750801857;8;1.00;292.415247706;26;268;;;;;;
390750802013;8;1.00;322.445899083;26;268;;;;;;
390750802205;8;1.00;316.276933159;26;268;;;;;;
390750802222;8;1.00;316.276933159;26;268;;;;;;
390750802223;8;1.00;316.276933159;26;268;;;;;;
390750802322;8;1.00;406.400201835;26;268;;;;;;
390750802333;8;1.00;406.400201835;26;268;;;;;;
390750802341;8;1.00;406.400201835;26;268;;;;;;
390750802401;8;1.00;290.807767584;26;268;;;;;;
390750802429;8;1.00;290.807767584;26;268;;;;;;
390750802431;8;1.00;290.807767584;26;268;;;;;;
